price;volume;time
3665.85;3037260;2024-01-04 15:08:02
3666.15;3037479;2024-01-04 15:08:03
3665.85;3037479;2024-01-04 15:08:03
3665.85;3037713;2024-01-04 15:08:04
3666.1;3037713;2024-01-04 15:08:04
3665.85;3037773;2024-01-04 15:08:05
3665.85;3037773;2024-01-04 15:08:05
3665.9;3038049;2024-01-04 15:08:06
3665.85;3038049;2024-01-04 15:08:06
3665.65;3038233;2024-01-04 15:08:07
3665.6;3038233;2024-01-04 15:08:07
3665.6;3038255;2024-01-04 15:08:08
3665.35;3038255;2024-01-04 15:08:08
3665.1;3038474;2024-01-04 15:08:09
3665.1;3038474;2024-01-04 15:08:09
3665.1;3038541;2024-01-04 15:08:10
3665.1;3038541;2024-01-04 15:08:10
3665.3;3038588;2024-01-04 15:08:11
3665.2;3038588;2024-01-04 15:08:11
3665.1;3038707;2024-01-04 15:08:12
3665.1;3038707;2024-01-04 15:08:12
3665;3038891;2024-01-04 15:08:13
3665;3038891;2024-01-04 15:08:13
3665;3038938;2024-01-04 15:08:14
3664.95;3038938;2024-01-04 15:08:14
3664.95;3039569;2024-01-04 15:08:15
3664.95;3039569;2024-01-04 15:08:15
3664.95;3039776;2024-01-04 15:08:16
3664.55;3039776;2024-01-04 15:08:16
3664.6;3040076;2024-01-04 15:08:17
3665;3040076;2024-01-04 15:08:17
3664.55;3040107;2024-01-04 15:08:18
3664.55;3040107;2024-01-04 15:08:18
3664.55;3040183;2024-01-04 15:08:20
3664.9;3040196;2024-01-04 15:08:20
3664.9;3040196;2024-01-04 15:08:20
3664.75;3040283;2024-01-04 15:08:22
3664.75;3040283;2024-01-04 15:08:22
3664.9;3040522;2024-01-04 15:08:23
3664.6;3040522;2024-01-04 15:08:23
3664.55;3040838;2024-01-04 15:08:24
3664.5;3040838;2024-01-04 15:08:24
3664.85;3041011;2024-01-04 15:08:25
3664.75;3041011;2024-01-04 15:08:25
3664.75;3041231;2024-01-04 15:08:26
3664.65;3041231;2024-01-04 15:08:26
3664.6;3041281;2024-01-04 15:08:27
3664.6;3041281;2024-01-04 15:08:27
3664.6;3041607;2024-01-04 15:08:29
3664.55;3042099;2024-01-04 15:08:30
3664.4;3042236;2024-01-04 15:08:31
3664.5;3042301;2024-01-04 15:08:32
3664.55;3042454;2024-01-04 15:08:32
3664.5;3042454;2024-01-04 15:08:32
3664.45;3042665;2024-01-04 15:08:34
3664.5;3042665;2024-01-04 15:08:34
3664.5;3042727;2024-01-04 15:08:35
3664.45;3042727;2024-01-04 15:08:35
3664.2;3043417;2024-01-04 15:08:36
3663.5;3043417;2024-01-04 15:08:36
3663.6;3046202;2024-01-04 15:08:37
3664.4;3046202;2024-01-04 15:08:37
3664.35;3047203;2024-01-04 15:08:38
3663.6;3047203;2024-01-04 15:08:38
3663.6;3047503;2024-01-04 15:08:39
3663.55;3047503;2024-01-04 15:08:39
3663.55;3047980;2024-01-04 15:08:40
3663.55;3047980;2024-01-04 15:08:40
3663.55;3048529;2024-01-04 15:08:41
3663.5;3048529;2024-01-04 15:08:41
3663.45;3048640;2024-01-04 15:08:42
3663.4;3048640;2024-01-04 15:08:42
3663.45;3049113;2024-01-04 15:08:44
3663.45;3049304;2024-01-04 15:08:45
3663.35;3049845;2024-01-04 15:08:46
3663.5;3049845;2024-01-04 15:08:46
3663.25;3050058;2024-01-04 15:08:47
3663.4;3050058;2024-01-04 15:08:47
3663.4;3050141;2024-01-04 15:08:48
3663.4;3050141;2024-01-04 15:08:48
3663.45;3050373;2024-01-04 15:08:49
3663.35;3050373;2024-01-04 15:08:49
3663.35;3050428;2024-01-04 15:08:50
3663.4;3050428;2024-01-04 15:08:50
3663.35;3050537;2024-01-04 15:08:51
3663.4;3050702;2024-01-04 15:08:52
3663.35;3050862;2024-01-04 15:08:54
3663.3;3052258;2024-01-04 15:08:55
3663.55;3052258;2024-01-04 15:08:55
3663.85;3053334;2024-01-04 15:08:56
3663.85;3053334;2024-01-04 15:08:56
3663.6;3053863;2024-01-04 15:08:57
3663.95;3053863;2024-01-04 15:08:57
3663.9;3054446;2024-01-04 15:08:58
3663.95;3054446;2024-01-04 15:08:58
3664;3054751;2024-01-04 15:08:59
3663.9;3054751;2024-01-04 15:08:59
3664;3055103;2024-01-04 15:09:00
3664;3055103;2024-01-04 15:09:00
3664.45;3055103;2024-01-04 15:09:00
3665.95;3056106;2024-01-04 15:09:02
3664.7;3056106;2024-01-04 15:09:02
3665.55;3056566;2024-01-04 15:09:03
3664.6;3056566;2024-01-04 15:09:03
3664.65;3056911;2024-01-04 15:09:04
3664.55;3056911;2024-01-04 15:09:04
3664.9;3057917;2024-01-04 15:09:05
3664.95;3057917;2024-01-04 15:09:05
3665.45;3058230;2024-01-04 15:09:06
3665.5;3058230;2024-01-04 15:09:06
3665.5;3059151;2024-01-04 15:09:07
3665.15;3059151;2024-01-04 15:09:07
3665.55;3059517;2024-01-04 15:09:08
3665.5;3059517;2024-01-04 15:09:08
3665.3;3060196;2024-01-04 15:09:09
3665.3;3060196;2024-01-04 15:09:09
3665.55;3060527;2024-01-04 15:09:10
3665.35;3060527;2024-01-04 15:09:10
3665.5;3060708;2024-01-04 15:09:11
3665.35;3060708;2024-01-04 15:09:11
3665.35;3060815;2024-01-04 15:09:12
3665.35;3060815;2024-01-04 15:09:12
3665.4;3061043;2024-01-04 15:09:14
3665.15;3061435;2024-01-04 15:09:15
3665.1;3061561;2024-01-04 15:09:16
3665.4;3063163;2024-01-04 15:09:17
3665.1;3063282;2024-01-04 15:09:18
3665.15;3063463;2024-01-04 15:09:19
3665.1;3063949;2024-01-04 15:09:20
3665.1;3064079;2024-01-04 15:09:21
3665.35;3064237;2024-01-04 15:09:22
3665.2;3064337;2024-01-04 15:09:23
3665;3064337;2024-01-04 15:09:23
3665.1;3064716;2024-01-04 15:09:24
3664.7;3064716;2024-01-04 15:09:24
3665.1;3064844;2024-01-04 15:09:25
3665.05;3064844;2024-01-04 15:09:25
3665.05;3064921;2024-01-04 15:09:26
3665.05;3064921;2024-01-04 15:09:26
3664.95;3064946;2024-01-04 15:09:27
3664.95;3064946;2024-01-04 15:09:27
3665;3064949;2024-01-04 15:09:28
3665.05;3064949;2024-01-04 15:09:28
3665;3065097;2024-01-04 15:09:29
3665.05;3065097;2024-01-04 15:09:29
3665.05;3065117;2024-01-04 15:09:30
3665.05;3065117;2024-01-04 15:09:30
3665;3065484;2024-01-04 15:09:31
3665;3065484;2024-01-04 15:09:31
3665.05;3065607;2024-01-04 15:09:32
3665;3065607;2024-01-04 15:09:32
3665;3065909;2024-01-04 15:09:34
3665.05;3065944;2024-01-04 15:09:34
3664.95;3066509;2024-01-04 15:09:35
3664.9;3066636;2024-01-04 15:09:36
3665;3066761;2024-01-04 15:09:37
3665.05;3067645;2024-01-04 15:09:38
3665.05;3067656;2024-01-04 15:09:40
3665;3067656;2024-01-04 15:09:40
3665.05;3067737;2024-01-04 15:09:40
3664.95;3067803;2024-01-04 15:09:41
3665;3067803;2024-01-04 15:09:41
3664.95;3067946;2024-01-04 15:09:42
3665;3067946;2024-01-04 15:09:42
3664.9;3068336;2024-01-04 15:09:43
3664.95;3068486;2024-01-04 15:09:45
3664.95;3069067;2024-01-04 15:09:45
3664.85;3069067;2024-01-04 15:09:45
3664.85;3069309;2024-01-04 15:09:47
3664.8;3069309;2024-01-04 15:09:47
3664.85;3070081;2024-01-04 15:09:48
3664.65;3070325;2024-01-04 15:09:49
3664.8;3070325;2024-01-04 15:09:49
3664.85;3070606;2024-01-04 15:09:49
3664.8;3070606;2024-01-04 15:09:49
3664.85;3071008;2024-01-04 15:09:51
3665.1;3073330;2024-01-04 15:09:52
3665.3;3073875;2024-01-04 15:09:53
3665.6;3074060;2024-01-04 15:09:54
3665.35;3074562;2024-01-04 15:09:55
3665.35;3074760;2024-01-04 15:09:56
3665;3075830;2024-01-04 15:09:57
3665;3075830;2024-01-04 15:09:57
3665;3076177;2024-01-04 15:09:58
3664.95;3076177;2024-01-04 15:09:58
3665;3076358;2024-01-04 15:09:59
3665.05;3076358;2024-01-04 15:09:59
3664.9;3077317;2024-01-04 15:10:00
3664.9;3078276;2024-01-04 15:10:01
3665.05;3078276;2024-01-04 15:10:01
3664.55;3079690;2024-01-04 15:10:02
3664.55;3079690;2024-01-04 15:10:02
3664.85;3079879;2024-01-04 15:10:03
3664.9;3079879;2024-01-04 15:10:03
3664.55;3080542;2024-01-04 15:10:04
3664.55;3080542;2024-01-04 15:10:04
3664.6;3081353;2024-01-04 15:10:06
3664.85;3081548;2024-01-04 15:10:07
3664.9;3081961;2024-01-04 15:10:08
3664.9;3081999;2024-01-04 15:10:09
3664.65;3082227;2024-01-04 15:10:09
3664.85;3082501;2024-01-04 15:10:11
3664.85;3082711;2024-01-04 15:10:12
3664.85;3083141;2024-01-04 15:10:13
3665;3083472;2024-01-04 15:10:14
3665;3083752;2024-01-04 15:10:15
3664.9;3084253;2024-01-04 15:10:16
3665.75;3084253;2024-01-04 15:10:16
3665.75;3084590;2024-01-04 15:10:17
3665.75;3084590;2024-01-04 15:10:17
3665.75;3084689;2024-01-04 15:10:18
3665.65;3084689;2024-01-04 15:10:18
3665.65;3085216;2024-01-04 15:10:19
3665.65;3085216;2024-01-04 15:10:19
3665.6;3085631;2024-01-04 15:10:20
3665.6;3085631;2024-01-04 15:10:20
3665.75;3085837;2024-01-04 15:10:21
3665.75;3085837;2024-01-04 15:10:21
3665.5;3086075;2024-01-04 15:10:22
3665.65;3086216;2024-01-04 15:10:24
3665.65;3086216;2024-01-04 15:10:24
3665.7;3086558;2024-01-04 15:10:25
3665.65;3086558;2024-01-04 15:10:25
3665.6;3086694;2024-01-04 15:10:26
3665.6;3086729;2024-01-04 15:10:27
3665.6;3086894;2024-01-04 15:10:28
3665.6;3087044;2024-01-04 15:10:29
3665.65;3087150;2024-01-04 15:10:30
3665.65;3087260;2024-01-04 15:10:30
3665.7;3087260;2024-01-04 15:10:30
3665.7;3087592;2024-01-04 15:10:32
3665.7;3087592;2024-01-04 15:10:32
3665.65;3087794;2024-01-04 15:10:33
3665.65;3087853;2024-01-04 15:10:34
3665.6;3088093;2024-01-04 15:10:35
3665.7;3088325;2024-01-04 15:10:36
3665.6;3088325;2024-01-04 15:10:36
3665.7;3088384;2024-01-04 15:10:37
3665.7;3088384;2024-01-04 15:10:37
3665.65;3088489;2024-01-04 15:10:38
3665.6;3088495;2024-01-04 15:10:39
3665.65;3088557;2024-01-04 15:10:40
3665.65;3088860;2024-01-04 15:10:41
3665.6;3089001;2024-01-04 15:10:41
3665.65;3089088;2024-01-04 15:10:43
3665.65;3089104;2024-01-04 15:10:44
3665.6;3089104;2024-01-04 15:10:44
3665.65;3089119;2024-01-04 15:10:45
3665.65;3089119;2024-01-04 15:10:45
3665.65;3089348;2024-01-04 15:10:46
3665.6;3089514;2024-01-04 15:10:47
3665.6;3089515;2024-01-04 15:10:48
3665.65;3089819;2024-01-04 15:10:49
3665.6;3090085;2024-01-04 15:10:50
3665.65;3090085;2024-01-04 15:10:50
3665.65;3090313;2024-01-04 15:10:51
3665.65;3090313;2024-01-04 15:10:51
3665.65;3090414;2024-01-04 15:10:52
3666.05;3090425;2024-01-04 15:10:53
3666;3092470;2024-01-04 15:10:54
3666.9;3092470;2024-01-04 15:10:54
3666.9;3092925;2024-01-04 15:10:55
3666.05;3092925;2024-01-04 15:10:55
3666.9;3093180;2024-01-04 15:10:56
3665.95;3093786;2024-01-04 15:10:57
3666.15;3093839;2024-01-04 15:10:57
3666.8;3093986;2024-01-04 15:10:59
3666.6;3093986;2024-01-04 15:10:59
3666.8;3094258;2024-01-04 15:11:00
3666.8;3094258;2024-01-04 15:11:00
3667;3095396;2024-01-04 15:11:01
3667;3095472;2024-01-04 15:11:02
3666.95;3095472;2024-01-04 15:11:02
3666.95;3095794;2024-01-04 15:11:03
3666.95;3095794;2024-01-04 15:11:03
3666.95;3095873;2024-01-04 15:11:04
3666.85;3095873;2024-01-04 15:11:04
3666.95;3095957;2024-01-04 15:11:05
3666.85;3096281;2024-01-04 15:11:06
3666.9;3096339;2024-01-04 15:11:07
3666.85;3096397;2024-01-04 15:11:08
3666.9;3096644;2024-01-04 15:11:09
3666.85;3096695;2024-01-04 15:11:10
3666.9;3096892;2024-01-04 15:11:11
3666.9;3097242;2024-01-04 15:11:12
3666.95;3097431;2024-01-04 15:11:13
3666.85;3097471;2024-01-04 15:11:14
3666.9;3097520;2024-01-04 15:11:15
3666.9;3097670;2024-01-04 15:11:16
3666.9;3097732;2024-01-04 15:11:17
3666.85;3097976;2024-01-04 15:11:18
3666.85;3097976;2024-01-04 15:11:18
3666.85;3098030;2024-01-04 15:11:19
3666.9;3098030;2024-01-04 15:11:19
3666.9;3099103;2024-01-04 15:11:20
3666.75;3099103;2024-01-04 15:11:20
3666.85;3099458;2024-01-04 15:11:22
3666.75;3099526;2024-01-04 15:11:22
3666.75;3099526;2024-01-04 15:11:22
3666.8;3102940;2024-01-04 15:11:24
3666.75;3103342;2024-01-04 15:11:25
3666.65;3104394;2024-01-04 15:11:26
3666.65;3104938;2024-01-04 15:11:27
3666.7;3105292;2024-01-04 15:11:28
3666.65;3105475;2024-01-04 15:11:29
3666.15;3106125;2024-01-04 15:11:30
3666.1;3106165;2024-01-04 15:11:31
3666.15;3106565;2024-01-04 15:11:32
3666.05;3106565;2024-01-04 15:11:32
3666;3106615;2024-01-04 15:11:33
3665.8;3106733;2024-01-04 15:11:34
3665.7;3106777;2024-01-04 15:11:35
3665.5;3106822;2024-01-04 15:11:36
3665.4;3106822;2024-01-04 15:11:36
3665.4;3106986;2024-01-04 15:11:37
3665.45;3107073;2024-01-04 15:11:38
3665.5;3107073;2024-01-04 15:11:38
3665.4;3107097;2024-01-04 15:11:39
3665.5;3107097;2024-01-04 15:11:39
3665.45;3107155;2024-01-04 15:11:40
3665.45;3107155;2024-01-04 15:11:40
3665.4;3107551;2024-01-04 15:11:41
3665.4;3107551;2024-01-04 15:11:41
3665.4;3107616;2024-01-04 15:11:42
3665.4;3107616;2024-01-04 15:11:42
3665.5;3107805;2024-01-04 15:11:43
3665.5;3107805;2024-01-04 15:11:43
3665.4;3107992;2024-01-04 15:11:44
3665.4;3107992;2024-01-04 15:11:44
3665.4;3108143;2024-01-04 15:11:45
3665.5;3108143;2024-01-04 15:11:45
3665.5;3108412;2024-01-04 15:11:46
3665.5;3108412;2024-01-04 15:11:46
3665.4;3108623;2024-01-04 15:11:47
3665.5;3108623;2024-01-04 15:11:47
3665.4;3108965;2024-01-04 15:11:48
3665.4;3108965;2024-01-04 15:11:48
3665.45;3109219;2024-01-04 15:11:50
3665.4;3109219;2024-01-04 15:11:50
3665.5;3113226;2024-01-04 15:11:51
3665.4;3113226;2024-01-04 15:11:51
3665.5;3113640;2024-01-04 15:11:52
3665.4;3113846;2024-01-04 15:11:52
3665.45;3113978;2024-01-04 15:11:52
3665.45;3114107;2024-01-04 15:11:54
3665.45;3114567;2024-01-04 15:11:55
3665.55;3115694;2024-01-04 15:11:56
3665.55;3116044;2024-01-04 15:11:57
3665.55;3116197;2024-01-04 15:11:58
3665.5;3116592;2024-01-04 15:11:59
3665.5;3116760;2024-01-04 15:12:00
3665.55;3116959;2024-01-04 15:12:01
3665.5;3117302;2024-01-04 15:12:02
3665.6;3117685;2024-01-04 15:12:03
3665.55;3117928;2024-01-04 15:12:04
3665.55;3118498;2024-01-04 15:12:05
3665.6;3118681;2024-01-04 15:12:05
3665.6;3119118;2024-01-04 15:12:07
3665.6;3119330;2024-01-04 15:12:07
3665.6;3119535;2024-01-04 15:12:09
3665.55;3119801;2024-01-04 15:12:10
3665.55;3120295;2024-01-04 15:12:11
3665.6;3120614;2024-01-04 15:12:12
3665.4;3121507;2024-01-04 15:12:13
3665.55;3121507;2024-01-04 15:12:13
3665.55;3121844;2024-01-04 15:12:14
3665.5;3121844;2024-01-04 15:12:14
3665.7;3122135;2024-01-04 15:12:15
3665.55;3122135;2024-01-04 15:12:15
3665.6;3122222;2024-01-04 15:12:16
3665.6;3122222;2024-01-04 15:12:16
3666;3122610;2024-01-04 15:12:17
3666;3122610;2024-01-04 15:12:17
3665.7;3122756;2024-01-04 15:12:18
3665.7;3122756;2024-01-04 15:12:18
3665.95;3122843;2024-01-04 15:12:19
3665.7;3122843;2024-01-04 15:12:19
3665.9;3122880;2024-01-04 15:12:20
3665.55;3122880;2024-01-04 15:12:20
3665.85;3123107;2024-01-04 15:12:21
3665.55;3123107;2024-01-04 15:12:21
3665.9;3123773;2024-01-04 15:12:22
3665.8;3123773;2024-01-04 15:12:22
3665.8;3123939;2024-01-04 15:12:23
3665.8;3123939;2024-01-04 15:12:23
3665.9;3124033;2024-01-04 15:12:25
3665.85;3124035;2024-01-04 15:12:26
3665.85;3124035;2024-01-04 15:12:26
3665.85;3124035;2024-01-04 15:12:26
3665.95;3124035;2024-01-04 15:12:26
3665.95;3124743;2024-01-04 15:12:28
3666.2;3125290;2024-01-04 15:12:29
3666.35;3125787;2024-01-04 15:12:30
3666.4;3125787;2024-01-04 15:12:30
3666.4;3125844;2024-01-04 15:12:31
3666.4;3125844;2024-01-04 15:12:31
3666.4;3126033;2024-01-04 15:12:32
3666.85;3126033;2024-01-04 15:12:32
3666.5;3127053;2024-01-04 15:12:33
3666.7;3127053;2024-01-04 15:12:33
3667.6;3127380;2024-01-04 15:12:34
3666.5;3127380;2024-01-04 15:12:34
3667.55;3127467;2024-01-04 15:12:35
3667.55;3127467;2024-01-04 15:12:35
3667.5;3127610;2024-01-04 15:12:36
3667.5;3127610;2024-01-04 15:12:36
3667.5;3127693;2024-01-04 15:12:36
3667.4;3127693;2024-01-04 15:12:36
3667.55;3128966;2024-01-04 15:12:38
3667.5;3128966;2024-01-04 15:12:38
3667.5;3129089;2024-01-04 15:12:39
3667.5;3129089;2024-01-04 15:12:39
3667.5;3129130;2024-01-04 15:12:40
3667.55;3129130;2024-01-04 15:12:40
3667.5;3129305;2024-01-04 15:12:41
3667.75;3129305;2024-01-04 15:12:41
3668.65;3130194;2024-01-04 15:12:42
3668.65;3130194;2024-01-04 15:12:42
3667.45;3130486;2024-01-04 15:12:43
3667.45;3130486;2024-01-04 15:12:43
3667.45;3132613;2024-01-04 15:12:44
3668.2;3132613;2024-01-04 15:12:44
3667.45;3133320;2024-01-04 15:12:46
3667;3133496;2024-01-04 15:12:46
3667.45;3133810;2024-01-04 15:12:47
3667.45;3134551;2024-01-04 15:12:48
3667.25;3134871;2024-01-04 15:12:49
3667.2;3134871;2024-01-04 15:12:49
3667.2;3135192;2024-01-04 15:12:50
3667;3135192;2024-01-04 15:12:50
3667.55;3135541;2024-01-04 15:12:51
3666.9;3135541;2024-01-04 15:12:51
3668;3136351;2024-01-04 15:12:53
3666.9;3136397;2024-01-04 15:12:53
3667.4;3136601;2024-01-04 15:12:54
3667.55;3137026;2024-01-04 15:12:55
3667.8;3137381;2024-01-04 15:12:56
3667.6;3137678;2024-01-04 15:12:57
3667.8;3137678;2024-01-04 15:12:57
3667.55;3138527;2024-01-04 15:12:58
3667.55;3138527;2024-01-04 15:12:58
3667.8;3139211;2024-01-04 15:12:59
3667.3;3139718;2024-01-04 15:13:01
3667.9;3139861;2024-01-04 15:13:01
3667.3;3139861;2024-01-04 15:13:01
3667.3;3140140;2024-01-04 15:13:02
3667.95;3140140;2024-01-04 15:13:02
3667.15;3141171;2024-01-04 15:13:04
3667;3141203;2024-01-04 15:13:04
3666.9;3141637;2024-01-04 15:13:05
3667.1;3142348;2024-01-04 15:13:06
3667.1;3142348;2024-01-04 15:13:06
3666.95;3142694;2024-01-04 15:13:07
3666.85;3142694;2024-01-04 15:13:07
3667.1;3143678;2024-01-04 15:13:08
3668;3143678;2024-01-04 15:13:08
3666.9;3144089;2024-01-04 15:13:10
3666.95;3144089;2024-01-04 15:13:10
3666.9;3144449;2024-01-04 15:13:10
3666.95;3144449;2024-01-04 15:13:10
3666.9;3145235;2024-01-04 15:13:12
3666.95;3145235;2024-01-04 15:13:12
3666.9;3146452;2024-01-04 15:13:13
3666.9;3146452;2024-01-04 15:13:13
3666.9;3146708;2024-01-04 15:13:14
3666.9;3146708;2024-01-04 15:13:14
3666.85;3146873;2024-01-04 15:13:15
3666.65;3147152;2024-01-04 15:13:16
3666.7;3147261;2024-01-04 15:13:17
3666.85;3147665;2024-01-04 15:13:18
3666.75;3148250;2024-01-04 15:13:19
3666.8;3148592;2024-01-04 15:13:20
3666.8;3148592;2024-01-04 15:13:20
3666.8;3148836;2024-01-04 15:13:21
3666.55;3148836;2024-01-04 15:13:21
3666.85;3149202;2024-01-04 15:13:22
3666.7;3149219;2024-01-04 15:13:23
3666.7;3149270;2024-01-04 15:13:24
3666.8;3149369;2024-01-04 15:13:25
3666.6;3149369;2024-01-04 15:13:25
3666.7;3149441;2024-01-04 15:13:26
3666.7;3149441;2024-01-04 15:13:26
3667.85;3150083;2024-01-04 15:13:27
3667.9;3150083;2024-01-04 15:13:27
3667.85;3151145;2024-01-04 15:13:29
3666.7;3151151;2024-01-04 15:13:29
3666.8;3151650;2024-01-04 15:13:30
3666.6;3151848;2024-01-04 15:13:31
3666.55;3151848;2024-01-04 15:13:31
3666.8;3152171;2024-01-04 15:13:32
3666.8;3152171;2024-01-04 15:13:32
3666.8;3152589;2024-01-04 15:13:33
3666.55;3152589;2024-01-04 15:13:33
3666.75;3152824;2024-01-04 15:13:34
3666.55;3152824;2024-01-04 15:13:34
3666.6;3152899;2024-01-04 15:13:35
3666.55;3152899;2024-01-04 15:13:35
3666.6;3153057;2024-01-04 15:13:36
3666.55;3153057;2024-01-04 15:13:36
3666.55;3153254;2024-01-04 15:13:37
3666.55;3153254;2024-01-04 15:13:37
3666.55;3153992;2024-01-04 15:13:38
3666.6;3153992;2024-01-04 15:13:38
3666.55;3154273;2024-01-04 15:13:40
3666.55;3154273;2024-01-04 15:13:40
3666.7;3154928;2024-01-04 15:13:41
3666.55;3154932;2024-01-04 15:13:41
3666.55;3155031;2024-01-04 15:13:42
3666.45;3157788;2024-01-04 15:13:43
3666.2;3157788;2024-01-04 15:13:43
3666.75;3158192;2024-01-04 15:13:44
3666.45;3158192;2024-01-04 15:13:44
3665;3160204;2024-01-04 15:13:45
3665.1;3160204;2024-01-04 15:13:45
3664.95;3161063;2024-01-04 15:13:47
3664.95;3161063;2024-01-04 15:13:47
3664.85;3161827;2024-01-04 15:13:48
3666.25;3162213;2024-01-04 15:13:48
3665.35;3163514;2024-01-04 15:13:49
3665.1;3163514;2024-01-04 15:13:49
3665.55;3163816;2024-01-04 15:13:50
3666.2;3163816;2024-01-04 15:13:50
3666;3164251;2024-01-04 15:13:52
3665.3;3164251;2024-01-04 15:13:52
3665.55;3164759;2024-01-04 15:13:53
3665.9;3164759;2024-01-04 15:13:53
3665.9;3164943;2024-01-04 15:13:53
3665.55;3164943;2024-01-04 15:13:53
3665.55;3164988;2024-01-04 15:13:55
3665.65;3164988;2024-01-04 15:13:55
3665.05;3165278;2024-01-04 15:13:56
3665;3165278;2024-01-04 15:13:56
3664.55;3165425;2024-01-04 15:13:57
3664.4;3167372;2024-01-04 15:13:58
3664.35;3167372;2024-01-04 15:13:58
3664.35;3168254;2024-01-04 15:13:59
3665.05;3168254;2024-01-04 15:13:59
3665.05;3168854;2024-01-04 15:14:01
3664.55;3168854;2024-01-04 15:14:01
3665.1;3169078;2024-01-04 15:14:01
3665.45;3169078;2024-01-04 15:14:01
3665.35;3169608;2024-01-04 15:14:02
3665.35;3169608;2024-01-04 15:14:02
3665.2;3169903;2024-01-04 15:14:04
3665.05;3171236;2024-01-04 15:14:05
3665.4;3171236;2024-01-04 15:14:05
3665;3171455;2024-01-04 15:14:06
3664.3;3171455;2024-01-04 15:14:06
3664.6;3172058;2024-01-04 15:14:08
3664.6;3172058;2024-01-04 15:14:08
3665.3;3172710;2024-01-04 15:14:09
3665.3;3173338;2024-01-04 15:14:10
3665.45;3174594;2024-01-04 15:14:11
3665.45;3174594;2024-01-04 15:14:11
3664.75;3175441;2024-01-04 15:14:12
3664.7;3175441;2024-01-04 15:14:12
3664.75;3176186;2024-01-04 15:14:13
3664.7;3176186;2024-01-04 15:14:13
3664.7;3176616;2024-01-04 15:14:15
3664.7;3176616;2024-01-04 15:14:15
3664.65;3176844;2024-01-04 15:14:15
3665.4;3176844;2024-01-04 15:14:15
3665.45;3177331;2024-01-04 15:14:16
3665.45;3177331;2024-01-04 15:14:16
3664.85;3177760;2024-01-04 15:14:18
3664.8;3177760;2024-01-04 15:14:18
3664.75;3177847;2024-01-04 15:14:19
3665.25;3177847;2024-01-04 15:14:19
3664.65;3177938;2024-01-04 15:14:20
3664.6;3177938;2024-01-04 15:14:20
3665.1;3178172;2024-01-04 15:14:21
3665.55;3178843;2024-01-04 15:14:22
3666.8;3179426;2024-01-04 15:14:23
3665.8;3179691;2024-01-04 15:14:24
3665.15;3180753;2024-01-04 15:14:25
3665.8;3180989;2024-01-04 15:14:26
3665.8;3180989;2024-01-04 15:14:26
3665.8;3181886;2024-01-04 15:14:27
3665.15;3181886;2024-01-04 15:14:27
3665.55;3182911;2024-01-04 15:14:28
3665.55;3182911;2024-01-04 15:14:28
3665.7;3185034;2024-01-04 15:14:30
3665.55;3185034;2024-01-04 15:14:30
3665;3185177;2024-01-04 15:14:31
3665;3185397;2024-01-04 15:14:32
3665;3185397;2024-01-04 15:14:32
3664.95;3186136;2024-01-04 15:14:33
3665;3186136;2024-01-04 15:14:33
3664.95;3186505;2024-01-04 15:14:35
3665.05;3187114;2024-01-04 15:14:36
3665.7;3187550;2024-01-04 15:14:37
3666.75;3187991;2024-01-04 15:14:38
3666.65;3188263;2024-01-04 15:14:39
3665.95;3188263;2024-01-04 15:14:39
3665.95;3188439;2024-01-04 15:14:40
3665.9;3188439;2024-01-04 15:14:40
3666.55;3189108;2024-01-04 15:14:42
3665.95;3189108;2024-01-04 15:14:42
3665.9;3190213;2024-01-04 15:14:43
3665.7;3191087;2024-01-04 15:14:44
3665.3;3191087;2024-01-04 15:14:44
3665.3;3191493;2024-01-04 15:14:45
3665.3;3191493;2024-01-04 15:14:45
3665.65;3192239;2024-01-04 15:14:47
3664.8;3192239;2024-01-04 15:14:47
3664.3;3192977;2024-01-04 15:14:48
3664.95;3193326;2024-01-04 15:14:49
3664.85;3193326;2024-01-04 15:14:49
3664.75;3193435;2024-01-04 15:14:50
3664.75;3193435;2024-01-04 15:14:50
3664.75;3193537;2024-01-04 15:14:52
3664.95;3193537;2024-01-04 15:14:52
3664.2;3194317;2024-01-04 15:14:53
3664.65;3194511;2024-01-04 15:14:54
3664.55;3194511;2024-01-04 15:14:54
3664.55;3194812;2024-01-04 15:14:55
3664.15;3194812;2024-01-04 15:14:55
3664.5;3194969;2024-01-04 15:14:56
3664.15;3195846;2024-01-04 15:14:58
3664.6;3196145;2024-01-04 15:14:59
3664.5;3196145;2024-01-04 15:14:59
3664.5;3196394;2024-01-04 15:15:00
3664.5;3196394;2024-01-04 15:15:00
3664.5;3196608;2024-01-04 15:15:02
3664;3196608;2024-01-04 15:15:02
3666.25;3197456;2024-01-04 15:15:03
3664.6;3197581;2024-01-04 15:15:04
3664.6;3197674;2024-01-04 15:15:05
3664.6;3198039;2024-01-04 15:15:06
3664.9;3198064;2024-01-04 15:15:07
3664.5;3198762;2024-01-04 15:15:08
3664.95;3198888;2024-01-04 15:15:09
3664.65;3198918;2024-01-04 15:15:10
3664.65;3199340;2024-01-04 15:15:11
3664.6;3199571;2024-01-04 15:15:12
3664.65;3200242;2024-01-04 15:15:13
3665;3200450;2024-01-04 15:15:14
3665.8;3200595;2024-01-04 15:15:15
3665.75;3200595;2024-01-04 15:15:15
3665.75;3200682;2024-01-04 15:15:16
3665.1;3201205;2024-01-04 15:15:17
3665.05;3201205;2024-01-04 15:15:17
3665.1;3201573;2024-01-04 15:15:19
3665.05;3201573;2024-01-04 15:15:19
3665;3201692;2024-01-04 15:15:20
3665.05;3201692;2024-01-04 15:15:20
3665.05;3201931;2024-01-04 15:15:21
3665.05;3202461;2024-01-04 15:15:21
3665.25;3202943;2024-01-04 15:15:23
3666.5;3203198;2024-01-04 15:15:24
3665.75;3203221;2024-01-04 15:15:25
3666.35;3203738;2024-01-04 15:15:25
3666.3;3203884;2024-01-04 15:15:26
3666.3;3204465;2024-01-04 15:15:28
3666.25;3204489;2024-01-04 15:15:29
3666.05;3204496;2024-01-04 15:15:30
3666.15;3204617;2024-01-04 15:15:31
3666.2;3205026;2024-01-04 15:15:32
3666.25;3205817;2024-01-04 15:15:33
3666.3;3206209;2024-01-04 15:15:34
3666.35;3206626;2024-01-04 15:15:35
3666.65;3207617;2024-01-04 15:15:36
3666.7;3207778;2024-01-04 15:15:37
3666.7;3207778;2024-01-04 15:15:37
3667.05;3208182;2024-01-04 15:15:38
3666.55;3208246;2024-01-04 15:15:39
3667;3208246;2024-01-04 15:15:39
3666.55;3208384;2024-01-04 15:15:40
3666.8;3208475;2024-01-04 15:15:42
3667;3208475;2024-01-04 15:15:42
3668.6;3209445;2024-01-04 15:15:43
3667.15;3209445;2024-01-04 15:15:43
3667.15;3209641;2024-01-04 15:15:43
3667.15;3209641;2024-01-04 15:15:43
3667.1;3209980;2024-01-04 15:15:45
3667.1;3210197;2024-01-04 15:15:46
3667.6;3210315;2024-01-04 15:15:47
3667.6;3210665;2024-01-04 15:15:47
3667.1;3210665;2024-01-04 15:15:47
3667.15;3211245;2024-01-04 15:15:49
3667.15;3211245;2024-01-04 15:15:49
3667.1;3211645;2024-01-04 15:15:51
3667.1;3211645;2024-01-04 15:15:51
3667.1;3211984;2024-01-04 15:15:51
3667.05;3211984;2024-01-04 15:15:51
3667.05;3212520;2024-01-04 15:15:53
3667.05;3212520;2024-01-04 15:15:53
3667.05;3212676;2024-01-04 15:15:53
3667.1;3212676;2024-01-04 15:15:53
3667;3214867;2024-01-04 15:15:55
3666.95;3214867;2024-01-04 15:15:55
3666.95;3215354;2024-01-04 15:15:56
3666.95;3215354;2024-01-04 15:15:56
3666.85;3215784;2024-01-04 15:15:57
3666;3215784;2024-01-04 15:15:57
3667;3216910;2024-01-04 15:15:58
3666.25;3216910;2024-01-04 15:15:58
3666.85;3217337;2024-01-04 15:15:59
3665.8;3217337;2024-01-04 15:15:59
3666.6;3217879;2024-01-04 15:16:00
3666.55;3217879;2024-01-04 15:16:00
3665.15;3219385;2024-01-04 15:16:01
3666.3;3219385;2024-01-04 15:16:01
3666.95;3219848;2024-01-04 15:16:02
3666.25;3219848;2024-01-04 15:16:02
3665.2;3219989;2024-01-04 15:16:03
3664.95;3219989;2024-01-04 15:16:03
3665.05;3220489;2024-01-04 15:16:04
3665.75;3220489;2024-01-04 15:16:04
3665.75;3220747;2024-01-04 15:16:05
3665.75;3220747;2024-01-04 15:16:05
3666.2;3220970;2024-01-04 15:16:07
3666.2;3220970;2024-01-04 15:16:07
3666.9;3223348;2024-01-04 15:16:07
3666.2;3223348;2024-01-04 15:16:07
3666.2;3223670;2024-01-04 15:16:09
3666.2;3223670;2024-01-04 15:16:09
3665.45;3223765;2024-01-04 15:16:09
3665.15;3223765;2024-01-04 15:16:09
3666.1;3224421;2024-01-04 15:16:11
3665.5;3224421;2024-01-04 15:16:11
3665.2;3225666;2024-01-04 15:16:12
3665.3;3226567;2024-01-04 15:16:13
3665.3;3226927;2024-01-04 15:16:14
3665.25;3226927;2024-01-04 15:16:14
3666.1;3227343;2024-01-04 15:16:15
3666.05;3227343;2024-01-04 15:16:15
3665.35;3228077;2024-01-04 15:16:17
3665.3;3228077;2024-01-04 15:16:17
3666.4;3228979;2024-01-04 15:16:18
3665.3;3229554;2024-01-04 15:16:19
3665.35;3229554;2024-01-04 15:16:19
3666;3229822;2024-01-04 15:16:21
3665.7;3229822;2024-01-04 15:16:21
3665.95;3230240;2024-01-04 15:16:22
3665.35;3230240;2024-01-04 15:16:22
3665.25;3232524;2024-01-04 15:16:23
3665.25;3233084;2024-01-04 15:16:24
3664.15;3233084;2024-01-04 15:16:24
3665.25;3233441;2024-01-04 15:16:25
3664.1;3233441;2024-01-04 15:16:25
3665.6;3233593;2024-01-04 15:16:27
3664.3;3234329;2024-01-04 15:16:28
3664.05;3234329;2024-01-04 15:16:28
3665.25;3234780;2024-01-04 15:16:29
3665.25;3234780;2024-01-04 15:16:29
3665.2;3235359;2024-01-04 15:16:31
3664.3;3235359;2024-01-04 15:16:31
3664;3236028;2024-01-04 15:16:32
3663.75;3236028;2024-01-04 15:16:32
3665;3236526;2024-01-04 15:16:33
3665.3;3236526;2024-01-04 15:16:33
3665.3;3236917;2024-01-04 15:16:34
3666;3236917;2024-01-04 15:16:34
3665.85;3237951;2024-01-04 15:16:35
3665.95;3237951;2024-01-04 15:16:35
3665.95;3237966;2024-01-04 15:16:37
3665.85;3237966;2024-01-04 15:16:37
3664.5;3238600;2024-01-04 15:16:38
3665;3238600;2024-01-04 15:16:38
3665;3239038;2024-01-04 15:16:39
3665.15;3239038;2024-01-04 15:16:39
3665.25;3239258;2024-01-04 15:16:41
3665.25;3239258;2024-01-04 15:16:41
3665.15;3239765;2024-01-04 15:16:42
3665;3239765;2024-01-04 15:16:42
3665.15;3240702;2024-01-04 15:16:43
3665.25;3241307;2024-01-04 15:16:44
3665.2;3241307;2024-01-04 15:16:44
3665.25;3241514;2024-01-04 15:16:45
3665.2;3241514;2024-01-04 15:16:45
3665.15;3242271;2024-01-04 15:16:47
3665;3242271;2024-01-04 15:16:47
3665.2;3242971;2024-01-04 15:16:48
3665.2;3245063;2024-01-04 15:16:49
3664.85;3245063;2024-01-04 15:16:49
3665.25;3245951;2024-01-04 15:16:50
3665;3245951;2024-01-04 15:16:50
3665.25;3246326;2024-01-04 15:16:51
3665;3246326;2024-01-04 15:16:51
3665.25;3249319;2024-01-04 15:16:53
3665.25;3249319;2024-01-04 15:16:53
3665.25;3249615;2024-01-04 15:16:54
3665.2;3249615;2024-01-04 15:16:54
3665.2;3250135;2024-01-04 15:16:54
3665.25;3250135;2024-01-04 15:16:54
3665.2;3250469;2024-01-04 15:16:56
3665;3250469;2024-01-04 15:16:56
3665.95;3251445;2024-01-04 15:16:57
3664.15;3251445;2024-01-04 15:16:57
3665.8;3251639;2024-01-04 15:16:59
3664.1;3251639;2024-01-04 15:16:59
3664.15;3251703;2024-01-04 15:17:00
3664.7;3251703;2024-01-04 15:17:00
3665.75;3251860;2024-01-04 15:17:01
3665.75;3252019;2024-01-04 15:17:02
3665;3252402;2024-01-04 15:17:03
3665.25;3252670;2024-01-04 15:17:04
3665.25;3253059;2024-01-04 15:17:05
3665.25;3253059;2024-01-04 15:17:05
3665.25;3253239;2024-01-04 15:17:06
3665.25;3253239;2024-01-04 15:17:06
3665.55;3253786;2024-01-04 15:17:07
3665.2;3253786;2024-01-04 15:17:07
3665.5;3254053;2024-01-04 15:17:08
3665.25;3254053;2024-01-04 15:17:08
3665.25;3254209;2024-01-04 15:17:09
3665.45;3254209;2024-01-04 15:17:09
3665.45;3254621;2024-01-04 15:17:11
3665.35;3254621;2024-01-04 15:17:11
3665.4;3254785;2024-01-04 15:17:12
3665.2;3255620;2024-01-04 15:17:13
3665.2;3255687;2024-01-04 15:17:13
3665.5;3256310;2024-01-04 15:17:15
3665;3256877;2024-01-04 15:17:16
3665.05;3256877;2024-01-04 15:17:16
3665.5;3257538;2024-01-04 15:17:17
3665.5;3257538;2024-01-04 15:17:17
3665.1;3257716;2024-01-04 15:17:18
3665.05;3257716;2024-01-04 15:17:18
3665.2;3257908;2024-01-04 15:17:20
3665.3;3257908;2024-01-04 15:17:20
3665.3;3258095;2024-01-04 15:17:21
3665.3;3258095;2024-01-04 15:17:21
3665.3;3258161;2024-01-04 15:17:21
3665.3;3258161;2024-01-04 15:17:21
3665.55;3259036;2024-01-04 15:17:23
3665.3;3259036;2024-01-04 15:17:23
3665.2;3262369;2024-01-04 15:17:24
3665.2;3262369;2024-01-04 15:17:24
3665.2;3262430;2024-01-04 15:17:24
3665.15;3262430;2024-01-04 15:17:24
3665.15;3262517;2024-01-04 15:17:25
3665.15;3262517;2024-01-04 15:17:25
3665.2;3262689;2024-01-04 15:17:26
3665.15;3262689;2024-01-04 15:17:26
3665.15;3263331;2024-01-04 15:17:27
3665.1;3263331;2024-01-04 15:17:27
3665.1;3263542;2024-01-04 15:17:29
3665.05;3263542;2024-01-04 15:17:29
3665.05;3264233;2024-01-04 15:17:30
3664.7;3264233;2024-01-04 15:17:30
3665;3264586;2024-01-04 15:17:31
3664.7;3264586;2024-01-04 15:17:31
3665.05;3265220;2024-01-04 15:17:32
3665;3265220;2024-01-04 15:17:32
3665.05;3265330;2024-01-04 15:17:34
3665;3265330;2024-01-04 15:17:34
3665;3265608;2024-01-04 15:17:35
3665;3265608;2024-01-04 15:17:35
3665.05;3265725;2024-01-04 15:17:35
3665.1;3265961;2024-01-04 15:17:37
3665.15;3265961;2024-01-04 15:17:37
3665.15;3266414;2024-01-04 15:17:38
3665.75;3266414;2024-01-04 15:17:38
3665.15;3267738;2024-01-04 15:17:39
3665.15;3267738;2024-01-04 15:17:39
3665.65;3267776;2024-01-04 15:17:41
3665.65;3267776;2024-01-04 15:17:41
3665.65;3267823;2024-01-04 15:17:41
3665.65;3267823;2024-01-04 15:17:41
3665.7;3268369;2024-01-04 15:17:42
3665.5;3268369;2024-01-04 15:17:42
3665.65;3268512;2024-01-04 15:17:44
3665.65;3268512;2024-01-04 15:17:44
3665.5;3268648;2024-01-04 15:17:45
3665.5;3268648;2024-01-04 15:17:45
3665.65;3269013;2024-01-04 15:17:46
3665.5;3269122;2024-01-04 15:17:47
3665.65;3269122;2024-01-04 15:17:47
3665.65;3269479;2024-01-04 15:17:48
3665.55;3269479;2024-01-04 15:17:48
3665.55;3269633;2024-01-04 15:17:50
3665.65;3269633;2024-01-04 15:17:50
3665.65;3269961;2024-01-04 15:17:51
3665.5;3270034;2024-01-04 15:17:52
3665.7;3270562;2024-01-04 15:17:53
3665.65;3270576;2024-01-04 15:17:54
3665.65;3270576;2024-01-04 15:17:54
3665.65;3270597;2024-01-04 15:17:54
3665.65;3270903;2024-01-04 15:17:56
3665.65;3270968;2024-01-04 15:17:57
3665.65;3271890;2024-01-04 15:17:58
3665.6;3272211;2024-01-04 15:17:59
3665.7;3272420;2024-01-04 15:18:00
3665.65;3272653;2024-01-04 15:18:01
3665.55;3273021;2024-01-04 15:18:02
3665.6;3273021;2024-01-04 15:18:02
3665.7;3274110;2024-01-04 15:18:03
3665.7;3274110;2024-01-04 15:18:03
3665.7;3274134;2024-01-04 15:18:04
3665.6;3274134;2024-01-04 15:18:04
3665.55;3274980;2024-01-04 15:18:06
3665.6;3274980;2024-01-04 15:18:06
3665.5;3275383;2024-01-04 15:18:07
3665.5;3275383;2024-01-04 15:18:07
3665.25;3276195;2024-01-04 15:18:08
3665.25;3276195;2024-01-04 15:18:08
3664.9;3276545;2024-01-04 15:18:09
3664.9;3276545;2024-01-04 15:18:09
3664.95;3276590;2024-01-04 15:18:10
3665.5;3276905;2024-01-04 15:18:11
3664.25;3276905;2024-01-04 15:18:11
3665.55;3277857;2024-01-04 15:18:13
3664.05;3277857;2024-01-04 15:18:13
3664.05;3278502;2024-01-04 15:18:13
3665.45;3278502;2024-01-04 15:18:13
3664.35;3278695;2024-01-04 15:18:14
3664.6;3278695;2024-01-04 15:18:14
3664.6;3278794;2024-01-04 15:18:15
3664;3278794;2024-01-04 15:18:15
3665;3279415;2024-01-04 15:18:17
3664.85;3279415;2024-01-04 15:18:17
3664.85;3279926;2024-01-04 15:18:18
3664.85;3279926;2024-01-04 15:18:18
3664.75;3280051;2024-01-04 15:18:19
3663.7;3280898;2024-01-04 15:18:20
3663.15;3281739;2024-01-04 15:18:21
3663;3281739;2024-01-04 15:18:21
3663.05;3284748;2024-01-04 15:18:23
3663;3284748;2024-01-04 15:18:23
3663;3286307;2024-01-04 15:18:24
3663;3286307;2024-01-04 15:18:24
3663;3286689;2024-01-04 15:18:25
3663.1;3286689;2024-01-04 15:18:25
3663.85;3287230;2024-01-04 15:18:26
3662.85;3287230;2024-01-04 15:18:26
3663.15;3287676;2024-01-04 15:18:26
3663.15;3287676;2024-01-04 15:18:26
3663.8;3288856;2024-01-04 15:18:28
3663.15;3288856;2024-01-04 15:18:28
3662.85;3289312;2024-01-04 15:18:29
3662.8;3289466;2024-01-04 15:18:30
3662.8;3289466;2024-01-04 15:18:30
3662.8;3289832;2024-01-04 15:18:32
3662.55;3289832;2024-01-04 15:18:32
3662.85;3292518;2024-01-04 15:18:33
3662.55;3292518;2024-01-04 15:18:33
3662.4;3292746;2024-01-04 15:18:33
3662.25;3292746;2024-01-04 15:18:33
3662.4;3293643;2024-01-04 15:18:35
3662.4;3293643;2024-01-04 15:18:35
3662.95;3293919;2024-01-04 15:18:36
3662.4;3293919;2024-01-04 15:18:36
3662.4;3294271;2024-01-04 15:18:37
3662.25;3294271;2024-01-04 15:18:37
3662.8;3294857;2024-01-04 15:18:38
3662.25;3295018;2024-01-04 15:18:39
3662.15;3295018;2024-01-04 15:18:39
3662.65;3295168;2024-01-04 15:18:40
3662.7;3295168;2024-01-04 15:18:40
3662.7;3295397;2024-01-04 15:18:41
3662.15;3295397;2024-01-04 15:18:41
3662.7;3296284;2024-01-04 15:18:43
3662.15;3296284;2024-01-04 15:18:43
3662.65;3296384;2024-01-04 15:18:44
3662.2;3296384;2024-01-04 15:18:44
3662.2;3296525;2024-01-04 15:18:45
3662.4;3296525;2024-01-04 15:18:45
3662.6;3298034;2024-01-04 15:18:46
3662.6;3298034;2024-01-04 15:18:46
3662.2;3298677;2024-01-04 15:18:47
3662.6;3298677;2024-01-04 15:18:47
3662.6;3300329;2024-01-04 15:18:48
3662.1;3300603;2024-01-04 15:18:49
3662.55;3300603;2024-01-04 15:18:49
3662.55;3300762;2024-01-04 15:18:51
3662.25;3300762;2024-01-04 15:18:51
3662.25;3300967;2024-01-04 15:18:52
3662.5;3300967;2024-01-04 15:18:52
3662.55;3302001;2024-01-04 15:18:53
3662.25;3302001;2024-01-04 15:18:53
3662.3;3302419;2024-01-04 15:18:54
3662.3;3302419;2024-01-04 15:18:54
3662.35;3302659;2024-01-04 15:18:54
3662.45;3302668;2024-01-04 15:18:55
3662.55;3303336;2024-01-04 15:18:57
3662.55;3303826;2024-01-04 15:18:58
3662.55;3303826;2024-01-04 15:18:58
3662.25;3304249;2024-01-04 15:19:00
3662.25;3304249;2024-01-04 15:19:00
3662.5;3304422;2024-01-04 15:19:01
3662.5;3304726;2024-01-04 15:19:01
3662.55;3305278;2024-01-04 15:19:02
3662.65;3306019;2024-01-04 15:19:03
3664.95;3307280;2024-01-04 15:19:04
3663.85;3307280;2024-01-04 15:19:04
3663.6;3308503;2024-01-04 15:19:06
3663.6;3308503;2024-01-04 15:19:06
3663.75;3308657;2024-01-04 15:19:07
3663.75;3308657;2024-01-04 15:19:07
3663.65;3309334;2024-01-04 15:19:08
3663.75;3309380;2024-01-04 15:19:09
3663.7;3309919;2024-01-04 15:19:10
3663.75;3309989;2024-01-04 15:19:11
3663.75;3311008;2024-01-04 15:19:12
3663.7;3311095;2024-01-04 15:19:13
3663.55;3311519;2024-01-04 15:19:14
3662.85;3311932;2024-01-04 15:19:15
3663.4;3311932;2024-01-04 15:19:15
3663.35;3312288;2024-01-04 15:19:17
3662.85;3312288;2024-01-04 15:19:17
3662.85;3312765;2024-01-04 15:19:18
3662.9;3312765;2024-01-04 15:19:18
3663.25;3313016;2024-01-04 15:19:19
3662.95;3313016;2024-01-04 15:19:19
3663;3313186;2024-01-04 15:19:20
3663.45;3313186;2024-01-04 15:19:20
3663.4;3313368;2024-01-04 15:19:21
3663.6;3313368;2024-01-04 15:19:21
3663.45;3313594;2024-01-04 15:19:22
3663.45;3313594;2024-01-04 15:19:22
3663.75;3313999;2024-01-04 15:19:23
3663.6;3313999;2024-01-04 15:19:23
3663.45;3314416;2024-01-04 15:19:24
3663.3;3314416;2024-01-04 15:19:24
3663.4;3316764;2024-01-04 15:19:25
3663.25;3316764;2024-01-04 15:19:25
3662.9;3316840;2024-01-04 15:19:26
3662.95;3316840;2024-01-04 15:19:26
3662.9;3316883;2024-01-04 15:19:27
3662.8;3316883;2024-01-04 15:19:27
3662.95;3317582;2024-01-04 15:19:28
3662.9;3317582;2024-01-04 15:19:28
3662.95;3318949;2024-01-04 15:19:29
3663.35;3318949;2024-01-04 15:19:29
3663;3319632;2024-01-04 15:19:30
3663;3319632;2024-01-04 15:19:30
3663.3;3319734;2024-01-04 15:19:30
3662.95;3319734;2024-01-04 15:19:30
3663;3319972;2024-01-04 15:19:32
3663.3;3319972;2024-01-04 15:19:32
3663.35;3320551;2024-01-04 15:19:33
3662.95;3320608;2024-01-04 15:19:34
3663.2;3321784;2024-01-04 15:19:35
3663;3321908;2024-01-04 15:19:36
3663.2;3321921;2024-01-04 15:19:37
3663.35;3323072;2024-01-04 15:19:38
3664.35;3323401;2024-01-04 15:19:39
3665.15;3323919;2024-01-04 15:19:40
3663.9;3324022;2024-01-04 15:19:41
3665.05;3324905;2024-01-04 15:19:42
3664.65;3326217;2024-01-04 15:19:43
3664.05;3326373;2024-01-04 15:19:44
3663.9;3326714;2024-01-04 15:19:45
3664.05;3327431;2024-01-04 15:19:46
3663.9;3327695;2024-01-04 15:19:47
3663.9;3328244;2024-01-04 15:19:48
3663.85;3328768;2024-01-04 15:19:49
3663.85;3329022;2024-01-04 15:19:50
3663.9;3329234;2024-01-04 15:19:51
3663.6;3329444;2024-01-04 15:19:52
3663.85;3330019;2024-01-04 15:19:53
3665.25;3330240;2024-01-04 15:19:54
3663.95;3330944;2024-01-04 15:19:55
3664.7;3331267;2024-01-04 15:19:56
3664.35;3331441;2024-01-04 15:19:57
3664.35;3332136;2024-01-04 15:19:58
3664.3;3332361;2024-01-04 15:19:59
3664.05;3332662;2024-01-04 15:20:00
3664.65;3332876;2024-01-04 15:20:01
3664.1;3333331;2024-01-04 15:20:02
3664.65;3333965;2024-01-04 15:20:03
3664.3;3334359;2024-01-04 15:20:04
3664.4;3334695;2024-01-04 15:20:05
3664.3;3335077;2024-01-04 15:20:06
3664.05;3335368;2024-01-04 15:20:07
3664.05;3335806;2024-01-04 15:20:08
3664.6;3335910;2024-01-04 15:20:09
3664.35;3335923;2024-01-04 15:20:10
3664.35;3336220;2024-01-04 15:20:11
3664.05;3336534;2024-01-04 15:20:12
3664.35;3339048;2024-01-04 15:20:13
3664.35;3339929;2024-01-04 15:20:14
3664.05;3339929;2024-01-04 15:20:14
3664;3340116;2024-01-04 15:20:16
3664.3;3340116;2024-01-04 15:20:16
3664.25;3340257;2024-01-04 15:20:17
3664;3340257;2024-01-04 15:20:17
3664.25;3340898;2024-01-04 15:20:18
3664.2;3340898;2024-01-04 15:20:18
3664.15;3340909;2024-01-04 15:20:19
3664.05;3340909;2024-01-04 15:20:19
3664.05;3341106;2024-01-04 15:20:20
3664.05;3341106;2024-01-04 15:20:20
3664.15;3341269;2024-01-04 15:20:21
3664.15;3341269;2024-01-04 15:20:21
3664.05;3341751;2024-01-04 15:20:22
3664.2;3342148;2024-01-04 15:20:23
3664.15;3342156;2024-01-04 15:20:24
3664.05;3342350;2024-01-04 15:20:25
3664.05;3342430;2024-01-04 15:20:26
3664.1;3342430;2024-01-04 15:20:26
3664.15;3342705;2024-01-04 15:20:27
3664.05;3342705;2024-01-04 15:20:27
3664.65;3343492;2024-01-04 15:20:28
3664.65;3343492;2024-01-04 15:20:28
3664.35;3343735;2024-01-04 15:20:29
3664.35;3343735;2024-01-04 15:20:29
3664.55;3343776;2024-01-04 15:20:30
3665.7;3344121;2024-01-04 15:20:31
3665.7;3344121;2024-01-04 15:20:31
3665.05;3344432;2024-01-04 15:20:32
3664.55;3344432;2024-01-04 15:20:32
3664.55;3345797;2024-01-04 15:20:33
3665.5;3345797;2024-01-04 15:20:33
3664.55;3346057;2024-01-04 15:20:34
3664.55;3346057;2024-01-04 15:20:34
3664.55;3346368;2024-01-04 15:20:35
3664.55;3346945;2024-01-04 15:20:36
3665.15;3347304;2024-01-04 15:20:37
3665.8;3347755;2024-01-04 15:20:38
3665.6;3348850;2024-01-04 15:20:39
3665.8;3348946;2024-01-04 15:20:40
3665.25;3349427;2024-01-04 15:20:41
3667.15;3351121;2024-01-04 15:20:42
3665.55;3351225;2024-01-04 15:20:43
3665.65;3351549;2024-01-04 15:20:44
3665.65;3351728;2024-01-04 15:20:45
3664.55;3352371;2024-01-04 15:20:47
3664.5;3353998;2024-01-04 15:20:48
3664.4;3354486;2024-01-04 15:20:49
3665.05;3354486;2024-01-04 15:20:49
3665.05;3354813;2024-01-04 15:20:50
3665.05;3354951;2024-01-04 15:20:50
3665.05;3355011;2024-01-04 15:20:52
3665.55;3355821;2024-01-04 15:20:53
3663.8;3359057;2024-01-04 15:20:54
3663.55;3361513;2024-01-04 15:20:55
3663.65;3363110;2024-01-04 15:20:56
3663.5;3363110;2024-01-04 15:20:56
3663;3365644;2024-01-04 15:20:57
3662.65;3365644;2024-01-04 15:20:57
3662.55;3366845;2024-01-04 15:20:58
3664.25;3366845;2024-01-04 15:20:58
3663.55;3368048;2024-01-04 15:20:59
3663.05;3368048;2024-01-04 15:20:59
3665;3368559;2024-01-04 15:21:00
3663.1;3368559;2024-01-04 15:21:00
3663.55;3369365;2024-01-04 15:21:01
3665.4;3369365;2024-01-04 15:21:01
3665.4;3370029;2024-01-04 15:21:02
3666.15;3370029;2024-01-04 15:21:02
3665.4;3370832;2024-01-04 15:21:03
3665;3371105;2024-01-04 15:21:04
3664.5;3371253;2024-01-04 15:21:05
3665;3371545;2024-01-04 15:21:06
3665.35;3371756;2024-01-04 15:21:07
3664.55;3371756;2024-01-04 15:21:07
3664.6;3373554;2024-01-04 15:21:08
3665.25;3373989;2024-01-04 15:21:08
3664.6;3373989;2024-01-04 15:21:08
3664.6;3374481;2024-01-04 15:21:10
3665.05;3374543;2024-01-04 15:21:11
3665.25;3374543;2024-01-04 15:21:11
3665.1;3374889;2024-01-04 15:21:12
3665.1;3375640;2024-01-04 15:21:12
3664.6;3375640;2024-01-04 15:21:12
3664.6;3376071;2024-01-04 15:21:14
3664.55;3376071;2024-01-04 15:21:14
3664.55;3376707;2024-01-04 15:21:15
3665.1;3376707;2024-01-04 15:21:15
3665.1;3376836;2024-01-04 15:21:16
3664.5;3376836;2024-01-04 15:21:16
3664.5;3377228;2024-01-04 15:21:17
3664.5;3377228;2024-01-04 15:21:17
3664.5;3377648;2024-01-04 15:21:18
3664.5;3377718;2024-01-04 15:21:19
3664.5;3377718;2024-01-04 15:21:19
3664.5;3377815;2024-01-04 15:21:20
3665.1;3377815;2024-01-04 15:21:20
3664.55;3378105;2024-01-04 15:21:21
3665.1;3378105;2024-01-04 15:21:21
3664.55;3379668;2024-01-04 15:21:22
3664.95;3379668;2024-01-04 15:21:22
3664.55;3380288;2024-01-04 15:21:23
3665;3380288;2024-01-04 15:21:23
3664.5;3380640;2024-01-04 15:21:24
3664.95;3380640;2024-01-04 15:21:24
3664.5;3380683;2024-01-04 15:21:25
3665.1;3381593;2024-01-04 15:21:26
3666.4;3382144;2024-01-04 15:21:27
3665.4;3382148;2024-01-04 15:21:28
3665.1;3382148;2024-01-04 15:21:28
3665.1;3382327;2024-01-04 15:21:29
3665.1;3382327;2024-01-04 15:21:29
3665;3382699;2024-01-04 15:21:30
3664.95;3382699;2024-01-04 15:21:30
3665;3382844;2024-01-04 15:21:31
3664.95;3382844;2024-01-04 15:21:31
3664.9;3383146;2024-01-04 15:21:32
3665;3383895;2024-01-04 15:21:33
3664.8;3383895;2024-01-04 15:21:33
3664.95;3384280;2024-01-04 15:21:34
3665;3384280;2024-01-04 15:21:34
3664.85;3384752;2024-01-04 15:21:35
3664.95;3384752;2024-01-04 15:21:35
3664.6;3384966;2024-01-04 15:21:36
3664.6;3384966;2024-01-04 15:21:36
3664.5;3385830;2024-01-04 15:21:37
3664.9;3385830;2024-01-04 15:21:37
3664.5;3386646;2024-01-04 15:21:38
3665.05;3386998;2024-01-04 15:21:39
3665.1;3387339;2024-01-04 15:21:40
3665.15;3387561;2024-01-04 15:21:41
3665.15;3387561;2024-01-04 15:21:41
3665.1;3388230;2024-01-04 15:21:43
3665.1;3388230;2024-01-04 15:21:43
3665.1;3388477;2024-01-04 15:21:44
3666.95;3388477;2024-01-04 15:21:44
3665.4;3388829;2024-01-04 15:21:45
3667;3388829;2024-01-04 15:21:45
3667;3388886;2024-01-04 15:21:45
3667;3388886;2024-01-04 15:21:45
3667;3389098;2024-01-04 15:21:47
3665.3;3389098;2024-01-04 15:21:47
3666.8;3391594;2024-01-04 15:21:48
3665.6;3391594;2024-01-04 15:21:48
3665.65;3392324;2024-01-04 15:21:49
3666.2;3392324;2024-01-04 15:21:49
3666.2;3392879;2024-01-04 15:21:50
3666.2;3392879;2024-01-04 15:21:50
3665.65;3393028;2024-01-04 15:21:51
3666;3393028;2024-01-04 15:21:51
3665.55;3394075;2024-01-04 15:21:52
3666;3394075;2024-01-04 15:21:52
3665.5;3395211;2024-01-04 15:21:53
3665.65;3395211;2024-01-04 15:21:53
3665.85;3396081;2024-01-04 15:21:54
3665.95;3396081;2024-01-04 15:21:54
3665.6;3396618;2024-01-04 15:21:55
3665.95;3396618;2024-01-04 15:21:55
3665.55;3397422;2024-01-04 15:21:56
3665.55;3397422;2024-01-04 15:21:56
3665.6;3397779;2024-01-04 15:21:57
3665.55;3397779;2024-01-04 15:21:57
3665.6;3398867;2024-01-04 15:21:58
3665.55;3398867;2024-01-04 15:21:58
3665.6;3399572;2024-01-04 15:21:59
3666.75;3399572;2024-01-04 15:21:59
3665.55;3400393;2024-01-04 15:22:00
3665.6;3400393;2024-01-04 15:22:00
3665.55;3400393;2024-01-04 15:22:00
3666.6;3400973;2024-01-04 15:22:02
3666.6;3400973;2024-01-04 15:22:02
3665.55;3401760;2024-01-04 15:22:03
3666.1;3401760;2024-01-04 15:22:03
3666;3402045;2024-01-04 15:22:04
3665.5;3402045;2024-01-04 15:22:04
3665.45;3402723;2024-01-04 15:22:05
3665.65;3402723;2024-01-04 15:22:05
3666.65;3403087;2024-01-04 15:22:06
3665.65;3403087;2024-01-04 15:22:06
3665.65;3404370;2024-01-04 15:22:07
3667.75;3404370;2024-01-04 15:22:07
3667.85;3405845;2024-01-04 15:22:08
3665.95;3405845;2024-01-04 15:22:08
3665.95;3406084;2024-01-04 15:22:09
3665.55;3406084;2024-01-04 15:22:09
3665.55;3406166;2024-01-04 15:22:10
3665.5;3406166;2024-01-04 15:22:10
3665.4;3406347;2024-01-04 15:22:11
3666;3406347;2024-01-04 15:22:11
3665.5;3406725;2024-01-04 15:22:12
3667.5;3406725;2024-01-04 15:22:12
3665.9;3407749;2024-01-04 15:22:13
3665.65;3407749;2024-01-04 15:22:13
3665.4;3408349;2024-01-04 15:22:14
3665.9;3408349;2024-01-04 15:22:14
3665.9;3408630;2024-01-04 15:22:15
3665.85;3408630;2024-01-04 15:22:15
3665.35;3408840;2024-01-04 15:22:16
3665.8;3408840;2024-01-04 15:22:16
3665.35;3409404;2024-01-04 15:22:16
3666;3409404;2024-01-04 15:22:16
3665.5;3410199;2024-01-04 15:22:18
3665.5;3410199;2024-01-04 15:22:18
3665.5;3410243;2024-01-04 15:22:19
3665.35;3410243;2024-01-04 15:22:19
3665.75;3410691;2024-01-04 15:22:20
3665.15;3410691;2024-01-04 15:22:20
3665.8;3410757;2024-01-04 15:22:21
3665.75;3410757;2024-01-04 15:22:21
3665.75;3411048;2024-01-04 15:22:22
3665.85;3411824;2024-01-04 15:22:23
3665.85;3412079;2024-01-04 15:22:24
3666.6;3412346;2024-01-04 15:22:25
3666.45;3412480;2024-01-04 15:22:27
3667;3413634;2024-01-04 15:22:27
3667;3413675;2024-01-04 15:22:28
3666.45;3413675;2024-01-04 15:22:28
3666.45;3413712;2024-01-04 15:22:29
3666.4;3413712;2024-01-04 15:22:29
3666.4;3413815;2024-01-04 15:22:30
3665.7;3413815;2024-01-04 15:22:30
3665.6;3414737;2024-01-04 15:22:31
3666.4;3414737;2024-01-04 15:22:31
3665.4;3415005;2024-01-04 15:22:32
3666.45;3415005;2024-01-04 15:22:32
3666.4;3415808;2024-01-04 15:22:33
3666.1;3415939;2024-01-04 15:22:34
3665.35;3415939;2024-01-04 15:22:34
3665.35;3416065;2024-01-04 15:22:35
3665.45;3416065;2024-01-04 15:22:35
3665.45;3416585;2024-01-04 15:22:36
3665.6;3416585;2024-01-04 15:22:36
3665.45;3417213;2024-01-04 15:22:37
3666.55;3417213;2024-01-04 15:22:37
3666.75;3418055;2024-01-04 15:22:38
3666.7;3418055;2024-01-04 15:22:38
3665.4;3418252;2024-01-04 15:22:39
3665.4;3418252;2024-01-04 15:22:39
3665.4;3418361;2024-01-04 15:22:40
3665.85;3418361;2024-01-04 15:22:40
3666.9;3418759;2024-01-04 15:22:41
3666;3419675;2024-01-04 15:22:43
3665.65;3419839;2024-01-04 15:22:44
3665.5;3419943;2024-01-04 15:22:44
3665.5;3419943;2024-01-04 15:22:44
3665.45;3420060;2024-01-04 15:22:45
3665.85;3420060;2024-01-04 15:22:45
3665.5;3420355;2024-01-04 15:22:46
3665.6;3420355;2024-01-04 15:22:46
3665.5;3420542;2024-01-04 15:22:47
3665.9;3420542;2024-01-04 15:22:47
3665.6;3420950;2024-01-04 15:22:48
3665.5;3420950;2024-01-04 15:22:48
3665.5;3421038;2024-01-04 15:22:49
3665.5;3421038;2024-01-04 15:22:49
3665.5;3421111;2024-01-04 15:22:50
3665.55;3421335;2024-01-04 15:22:51
3666.7;3422078;2024-01-04 15:22:53
3666;3422096;2024-01-04 15:22:53
3665.6;3422096;2024-01-04 15:22:53
3665.5;3422144;2024-01-04 15:22:54
3665.5;3422144;2024-01-04 15:22:54
3665.45;3422338;2024-01-04 15:22:55
3665.55;3422338;2024-01-04 15:22:55
3665.45;3422455;2024-01-04 15:22:56
3665.55;3422455;2024-01-04 15:22:56
3665.5;3422579;2024-01-04 15:22:57
3665.5;3422579;2024-01-04 15:22:57
3665.5;3423344;2024-01-04 15:22:58
3665.65;3423344;2024-01-04 15:22:58
3665.6;3423358;2024-01-04 15:22:59
3665.5;3423483;2024-01-04 15:23:00
3665.35;3423640;2024-01-04 15:23:01
3665.6;3423640;2024-01-04 15:23:01
3665.7;3424189;2024-01-04 15:23:02
3665.6;3424236;2024-01-04 15:23:03
3665.6;3424651;2024-01-04 15:23:05
3665.5;3425852;2024-01-04 15:23:05
3665.5;3426057;2024-01-04 15:23:07
3665.35;3426057;2024-01-04 15:23:07
3665.35;3426781;2024-01-04 15:23:07
3665.5;3426791;2024-01-04 15:23:08
3665.4;3426881;2024-01-04 15:23:09
3665.5;3426881;2024-01-04 15:23:09
3665.5;3427436;2024-01-04 15:23:10
3665.45;3427436;2024-01-04 15:23:10
3665.5;3427694;2024-01-04 15:23:11
3665.6;3427694;2024-01-04 15:23:11
3665.6;3428096;2024-01-04 15:23:12
3667.65;3428096;2024-01-04 15:23:12
3665.6;3428766;2024-01-04 15:23:13
3665.6;3429276;2024-01-04 15:23:15
3665.55;3429600;2024-01-04 15:23:16
3665.5;3429706;2024-01-04 15:23:16
3665.3;3429706;2024-01-04 15:23:16
3665.3;3430313;2024-01-04 15:23:17
3666.35;3430313;2024-01-04 15:23:17
3665.35;3431086;2024-01-04 15:23:18
3665.35;3431086;2024-01-04 15:23:18
3665.5;3431272;2024-01-04 15:23:19
3665.5;3431272;2024-01-04 15:23:19
3665.5;3432379;2024-01-04 15:23:20
3666.8;3432602;2024-01-04 15:23:21
3666.8;3432602;2024-01-04 15:23:21
3665.9;3433310;2024-01-04 15:23:22
3665.5;3433513;2024-01-04 15:23:24
3666.8;3433630;2024-01-04 15:23:24
3666.75;3433630;2024-01-04 15:23:24
3665.45;3433970;2024-01-04 15:23:25
3665.45;3433970;2024-01-04 15:23:25
3665.5;3436012;2024-01-04 15:23:26
3666.7;3436210;2024-01-04 15:23:27
3665.6;3437003;2024-01-04 15:23:28
3665.55;3437296;2024-01-04 15:23:29
3666.55;3437813;2024-01-04 15:23:30
3666.55;3438192;2024-01-04 15:23:31
3665.6;3438930;2024-01-04 15:23:33
3665.9;3438933;2024-01-04 15:23:33
3666.6;3438933;2024-01-04 15:23:33
3666;3439240;2024-01-04 15:23:34
3665.5;3439240;2024-01-04 15:23:34
3666.75;3439758;2024-01-04 15:23:35
3666.15;3439758;2024-01-04 15:23:35
3665.35;3440062;2024-01-04 15:23:36
3665.5;3441052;2024-01-04 15:23:37
3667.35;3441635;2024-01-04 15:23:38
3667.35;3441809;2024-01-04 15:23:40
3667.2;3442112;2024-01-04 15:23:41
3666.8;3442219;2024-01-04 15:23:41
3667.6;3442219;2024-01-04 15:23:41
3666.8;3442766;2024-01-04 15:23:42
3666.75;3442766;2024-01-04 15:23:42
3666.75;3443873;2024-01-04 15:23:43
3666.8;3443873;2024-01-04 15:23:43
3667.8;3444187;2024-01-04 15:23:44
3667.4;3444187;2024-01-04 15:23:44
3667.8;3444463;2024-01-04 15:23:45
3666.75;3444463;2024-01-04 15:23:45
3666.8;3444734;2024-01-04 15:23:46
3666;3444734;2024-01-04 15:23:46
3666.8;3445016;2024-01-04 15:23:47
3666.2;3445016;2024-01-04 15:23:47
3667.8;3445622;2024-01-04 15:23:48
3666.45;3445622;2024-01-04 15:23:48
3666.45;3445854;2024-01-04 15:23:49
3666.65;3446171;2024-01-04 15:23:50
3666.65;3446451;2024-01-04 15:23:51
3668.5;3446603;2024-01-04 15:23:52
3667.75;3447201;2024-01-04 15:23:53
3666.75;3447587;2024-01-04 15:23:54
3667.3;3447833;2024-01-04 15:23:55
3667.3;3448101;2024-01-04 15:23:57
3667.35;3448103;2024-01-04 15:23:57
3667.3;3448103;2024-01-04 15:23:57
3668.85;3448984;2024-01-04 15:23:58
3667.3;3448984;2024-01-04 15:23:58
3668;3449231;2024-01-04 15:23:59
3666.95;3449231;2024-01-04 15:23:59
3666.95;3449438;2024-01-04 15:24:00
3666.95;3449711;2024-01-04 15:24:01
3668;3450325;2024-01-04 15:24:02
3667.45;3450506;2024-01-04 15:24:03
3667.45;3450829;2024-01-04 15:24:05
3667.45;3451171;2024-01-04 15:24:06
3666.95;3451684;2024-01-04 15:24:07
3666.95;3451732;2024-01-04 15:24:07
3666.8;3451732;2024-01-04 15:24:07
3667.75;3452398;2024-01-04 15:24:08
3667.75;3452398;2024-01-04 15:24:08
3667.75;3452743;2024-01-04 15:24:09
3666.95;3452743;2024-01-04 15:24:09
3667.5;3453188;2024-01-04 15:24:10
3667.5;3453446;2024-01-04 15:24:11
3667.6;3454150;2024-01-04 15:24:13
3667.7;3454178;2024-01-04 15:24:13
3667.65;3454178;2024-01-04 15:24:13
3667.65;3454259;2024-01-04 15:24:14
3669.1;3454259;2024-01-04 15:24:14
3667.65;3454501;2024-01-04 15:24:15
3667.6;3454744;2024-01-04 15:24:16
3668.75;3455058;2024-01-04 15:24:17
3667.5;3455703;2024-01-04 15:24:19
3667.55;3455764;2024-01-04 15:24:20
3667.5;3455936;2024-01-04 15:24:21
3667.5;3456068;2024-01-04 15:24:22
3667.6;3456711;2024-01-04 15:24:23
3667.55;3456852;2024-01-04 15:24:23
3667.55;3456852;2024-01-04 15:24:23
3667.7;3457198;2024-01-04 15:24:24
3667.5;3457198;2024-01-04 15:24:24
3667.4;3459059;2024-01-04 15:24:25
3667.4;3459169;2024-01-04 15:24:27
3668.5;3460047;2024-01-04 15:24:28
3667.2;3460049;2024-01-04 15:24:28
3668.35;3460049;2024-01-04 15:24:28
3667.35;3460195;2024-01-04 15:24:29
3667.65;3460195;2024-01-04 15:24:29
3668.1;3460612;2024-01-04 15:24:30
3668.1;3460612;2024-01-04 15:24:30
3667.65;3460886;2024-01-04 15:24:31
3666.3;3460886;2024-01-04 15:24:31
3666.25;3461831;2024-01-04 15:24:32
3666.65;3461831;2024-01-04 15:24:32
3667.65;3463019;2024-01-04 15:24:33
3666.55;3463588;2024-01-04 15:24:35
3666.25;3464013;2024-01-04 15:24:36
3665.7;3464312;2024-01-04 15:24:37
3665.75;3465226;2024-01-04 15:24:38
3666;3465263;2024-01-04 15:24:38
3665.95;3465263;2024-01-04 15:24:38
3665.95;3465487;2024-01-04 15:24:39
3665.75;3465487;2024-01-04 15:24:39
3665.8;3465772;2024-01-04 15:24:40
3666.45;3465772;2024-01-04 15:24:40
3665.7;3466140;2024-01-04 15:24:41
3665.7;3466140;2024-01-04 15:24:41
3667.95;3466549;2024-01-04 15:24:42
3666.45;3467902;2024-01-04 15:24:44
3665.75;3468170;2024-01-04 15:24:45
3666.45;3468178;2024-01-04 15:24:45
3665.5;3468178;2024-01-04 15:24:45
3665.5;3468364;2024-01-04 15:24:46
3665.15;3468364;2024-01-04 15:24:46
3665.3;3469023;2024-01-04 15:24:47
3665.4;3469541;2024-01-04 15:24:48
3666.25;3469541;2024-01-04 15:24:48
3665.25;3469793;2024-01-04 15:24:49
3665.25;3471224;2024-01-04 15:24:51
3665.2;3471761;2024-01-04 15:24:52
3666.8;3472439;2024-01-04 15:24:52
3666.05;3473515;2024-01-04 15:24:54
3665.25;3473900;2024-01-04 15:24:54
3666.7;3474715;2024-01-04 15:24:56
3666.5;3474716;2024-01-04 15:24:56
3665.6;3474716;2024-01-04 15:24:56
3665.6;3474995;2024-01-04 15:24:57
3666.8;3474995;2024-01-04 15:24:57
3665.7;3476053;2024-01-04 15:24:58
3665.7;3476308;2024-01-04 15:25:00
3665.7;3477124;2024-01-04 15:25:01
3666.15;3477333;2024-01-04 15:25:01
3665.9;3477981;2024-01-04 15:25:03
3666.2;3478509;2024-01-04 15:25:04
3665.5;3479768;2024-01-04 15:25:05
3665.85;3479929;2024-01-04 15:25:06
3665.65;3480791;2024-01-04 15:25:07
3665.65;3480810;2024-01-04 15:25:07
3665.75;3480810;2024-01-04 15:25:07
3665.65;3481309;2024-01-04 15:25:08
3665.9;3481309;2024-01-04 15:25:08
3665.75;3481937;2024-01-04 15:25:09
3666.75;3481937;2024-01-04 15:25:09
3665.2;3482408;2024-01-04 15:25:10
3665.2;3482408;2024-01-04 15:25:10
3665.7;3483006;2024-01-04 15:25:11
3665.7;3483868;2024-01-04 15:25:12
3665.6;3484284;2024-01-04 15:25:14
3665.15;3484678;2024-01-04 15:25:15
3664.8;3485089;2024-01-04 15:25:16
3664.8;3485153;2024-01-04 15:25:16
3664.8;3485153;2024-01-04 15:25:16
3664.7;3485530;2024-01-04 15:25:17
3664.8;3485530;2024-01-04 15:25:17
3664.65;3486086;2024-01-04 15:25:18
3664.8;3486086;2024-01-04 15:25:18
3664.65;3486292;2024-01-04 15:25:19
3664.8;3486292;2024-01-04 15:25:19
3664.2;3486655;2024-01-04 15:25:20
3664.65;3487076;2024-01-04 15:25:22
3667.8;3487861;2024-01-04 15:25:22
3665.7;3487876;2024-01-04 15:25:23
3666.3;3487876;2024-01-04 15:25:23
3665.8;3488120;2024-01-04 15:25:24
3665.55;3488120;2024-01-04 15:25:24
3665.55;3488561;2024-01-04 15:25:25
3665.5;3488561;2024-01-04 15:25:25
3665.5;3488856;2024-01-04 15:25:26
3664.9;3488856;2024-01-04 15:25:26
3666.15;3489785;2024-01-04 15:25:27
3666;3489792;2024-01-04 15:25:28
3666;3490032;2024-01-04 15:25:30
3665.75;3490033;2024-01-04 15:25:30
3665.65;3490033;2024-01-04 15:25:30
3665.55;3490237;2024-01-04 15:25:31
3665.75;3490237;2024-01-04 15:25:31
3665.55;3490419;2024-01-04 15:25:32
3666;3490419;2024-01-04 15:25:32
3665.55;3491215;2024-01-04 15:25:33
3665.65;3491451;2024-01-04 15:25:34
3665.65;3491622;2024-01-04 15:25:35
3667.15;3491714;2024-01-04 15:25:36
3668.05;3492317;2024-01-04 15:25:37
3665.8;3492787;2024-01-04 15:25:38
3666.4;3492861;2024-01-04 15:25:39
3665.8;3493253;2024-01-04 15:25:40
3667;3494344;2024-01-04 15:25:42
3665.2;3495648;2024-01-04 15:25:43
3667;3496165;2024-01-04 15:25:44
3665.25;3496524;2024-01-04 15:25:44
3665.95;3496524;2024-01-04 15:25:44
3665.95;3496687;2024-01-04 15:25:44
3665.4;3496687;2024-01-04 15:25:44
3665.45;3496954;2024-01-04 15:25:46
3664.95;3496954;2024-01-04 15:25:46
3665.95;3497237;2024-01-04 15:25:47
3667.5;3497237;2024-01-04 15:25:47
3667.5;3497641;2024-01-04 15:25:47
3665.9;3497641;2024-01-04 15:25:47
3667.5;3497867;2024-01-04 15:25:49
3665.95;3497867;2024-01-04 15:25:49
3666;3498166;2024-01-04 15:25:50
3666.5;3498521;2024-01-04 15:25:52
3667.6;3499135;2024-01-04 15:25:53
3666.1;3499135;2024-01-04 15:25:53
3665.95;3499324;2024-01-04 15:25:54
3666.1;3499324;2024-01-04 15:25:54
3666.1;3499659;2024-01-04 15:25:55
3666;3499659;2024-01-04 15:25:55
3666;3499771;2024-01-04 15:25:56
3666;3499771;2024-01-04 15:25:56
3666;3499921;2024-01-04 15:25:57
3666.05;3499921;2024-01-04 15:25:57
3666.4;3500535;2024-01-04 15:25:58
3666.25;3500535;2024-01-04 15:25:58
3666.25;3500721;2024-01-04 15:25:59
3666.2;3500721;2024-01-04 15:25:59
3666.9;3501035;2024-01-04 15:26:00
3666.25;3501035;2024-01-04 15:26:00
3666.55;3501035;2024-01-04 15:26:00
3666.35;3501602;2024-01-04 15:26:02
3668.15;3502134;2024-01-04 15:26:02
3666.95;3502134;2024-01-04 15:26:02
3666.95;3502332;2024-01-04 15:26:04
3666.5;3502332;2024-01-04 15:26:04
3666.55;3502433;2024-01-04 15:26:05
3666.7;3502433;2024-01-04 15:26:05
3666.5;3502652;2024-01-04 15:26:06
3666.7;3502652;2024-01-04 15:26:06
3666.65;3503403;2024-01-04 15:26:07
3666.6;3503403;2024-01-04 15:26:07
3668.35;3503955;2024-01-04 15:26:08
3666.65;3504130;2024-01-04 15:26:10
3666.75;3504195;2024-01-04 15:26:11
3667;3504195;2024-01-04 15:26:11
3666.8;3504727;2024-01-04 15:26:12
3667;3504727;2024-01-04 15:26:12
3666.95;3505670;2024-01-04 15:26:13
3666.75;3505670;2024-01-04 15:26:13
3666.7;3505978;2024-01-04 15:26:14
3667.45;3506039;2024-01-04 15:26:16
3667.45;3506039;2024-01-04 15:26:16
3667.45;3506521;2024-01-04 15:26:17
3667.45;3506521;2024-01-04 15:26:17
3667.5;3506970;2024-01-04 15:26:18
3667.4;3506970;2024-01-04 15:26:18
3667.5;3507107;2024-01-04 15:26:19
3667.4;3507200;2024-01-04 15:26:20
3667.45;3507200;2024-01-04 15:26:20
3667.45;3507253;2024-01-04 15:26:22
3668.5;3507253;2024-01-04 15:26:22
3667.2;3507760;2024-01-04 15:26:23
3667.2;3507760;2024-01-04 15:26:23
3666.85;3507816;2024-01-04 15:26:24
3666.7;3508459;2024-01-04 15:26:26
3666.7;3508459;2024-01-04 15:26:26
3667;3508729;2024-01-04 15:26:27
3666.9;3508729;2024-01-04 15:26:27
3666.95;3509429;2024-01-04 15:26:28
3666.9;3509429;2024-01-04 15:26:28
3666.95;3510309;2024-01-04 15:26:29
3666.8;3510309;2024-01-04 15:26:29
3666.7;3510747;2024-01-04 15:26:31
3666.7;3510929;2024-01-04 15:26:32
3666.7;3510929;2024-01-04 15:26:32
3668.3;3511531;2024-01-04 15:26:33
3667.65;3511531;2024-01-04 15:26:33
3666.7;3511714;2024-01-04 15:26:34
3666.7;3511714;2024-01-04 15:26:34
3667;3511869;2024-01-04 15:26:36
3666.65;3512247;2024-01-04 15:26:37
3668.3;3512247;2024-01-04 15:26:37
3667.15;3512869;2024-01-04 15:26:38
3667.15;3512869;2024-01-04 15:26:38
3667.75;3512918;2024-01-04 15:26:39
3668.05;3512918;2024-01-04 15:26:39
3667.75;3513012;2024-01-04 15:26:40
3667.75;3513012;2024-01-04 15:26:40
3667.75;3513151;2024-01-04 15:26:42
3667.5;3513787;2024-01-04 15:26:43
3668;3513787;2024-01-04 15:26:43
3667.2;3514274;2024-01-04 15:26:44
3667.15;3514274;2024-01-04 15:26:44
3667.45;3514359;2024-01-04 15:26:45
3667.25;3514359;2024-01-04 15:26:45
3667.25;3514451;2024-01-04 15:26:46
3667;3515006;2024-01-04 15:26:48
3667.05;3515006;2024-01-04 15:26:48
3667;3515911;2024-01-04 15:26:49
3666.5;3515911;2024-01-04 15:26:49
3666.3;3516132;2024-01-04 15:26:50
3666.45;3516132;2024-01-04 15:26:50
3666.7;3516646;2024-01-04 15:26:51
3666.25;3517228;2024-01-04 15:26:53
3666.15;3517228;2024-01-04 15:26:53
3666.1;3517371;2024-01-04 15:26:54
3667.45;3517371;2024-01-04 15:26:54
3666.1;3517517;2024-01-04 15:26:55
3666.1;3517517;2024-01-04 15:26:55
3666.1;3517688;2024-01-04 15:26:56
3666.1;3517688;2024-01-04 15:26:56
3666.65;3518378;2024-01-04 15:26:57
3666.65;3518476;2024-01-04 15:26:58
3667.25;3518476;2024-01-04 15:26:58
3667.85;3519896;2024-01-04 15:27:00
3667.85;3519896;2024-01-04 15:27:00
3667.8;3520344;2024-01-04 15:27:01
3666.8;3520344;2024-01-04 15:27:01
3666.8;3520967;2024-01-04 15:27:03
3666.3;3521817;2024-01-04 15:27:03
3666.25;3521817;2024-01-04 15:27:03
3665.7;3522267;2024-01-04 15:27:05
3666.15;3522314;2024-01-04 15:27:05
3666.6;3522717;2024-01-04 15:27:07
3667.55;3522870;2024-01-04 15:27:07
3667.55;3522870;2024-01-04 15:27:07
3667.7;3523321;2024-01-04 15:27:08
3666.15;3523321;2024-01-04 15:27:08
3665.7;3523767;2024-01-04 15:27:10
3665.45;3524379;2024-01-04 15:27:10
3665.4;3525296;2024-01-04 15:27:12
3667.25;3527337;2024-01-04 15:27:13
3666.95;3527337;2024-01-04 15:27:13
3666.4;3527778;2024-01-04 15:27:14
3666.25;3527778;2024-01-04 15:27:14
3666;3528439;2024-01-04 15:27:15
3665.55;3528439;2024-01-04 15:27:15
3665.95;3529599;2024-01-04 15:27:16
3665.95;3529599;2024-01-04 15:27:16
3666.65;3530300;2024-01-04 15:27:17
3665.45;3530300;2024-01-04 15:27:17
3665.45;3530509;2024-01-04 15:27:18
3666.35;3531040;2024-01-04 15:27:19
3664.95;3531444;2024-01-04 15:27:20
3666.65;3531637;2024-01-04 15:27:21
3665;3531637;2024-01-04 15:27:21
3664.95;3532957;2024-01-04 15:27:22
3664.85;3533124;2024-01-04 15:27:24
3665.3;3533416;2024-01-04 15:27:25
3665.1;3534254;2024-01-04 15:27:26
3665;3534839;2024-01-04 15:27:27
3664.65;3534839;2024-01-04 15:27:27
3664.7;3536091;2024-01-04 15:27:28
3664.6;3536091;2024-01-04 15:27:28
3665;3536153;2024-01-04 15:27:29
3665.1;3536153;2024-01-04 15:27:29
3664.85;3536829;2024-01-04 15:27:30
3666.8;3536829;2024-01-04 15:27:30
3666.85;3537423;2024-01-04 15:27:31
3665.3;3537423;2024-01-04 15:27:31
3665.35;3538020;2024-01-04 15:27:32
3665;3538376;2024-01-04 15:27:34
3665;3539080;2024-01-04 15:27:35
3666.8;3539169;2024-01-04 15:27:35
3665.5;3539404;2024-01-04 15:27:37
3665.1;3539404;2024-01-04 15:27:37
3665.05;3540120;2024-01-04 15:27:38
3666.75;3540120;2024-01-04 15:27:38
3665.1;3540218;2024-01-04 15:27:39
3665;3540218;2024-01-04 15:27:39
3666.75;3540735;2024-01-04 15:27:40
3665.1;3540735;2024-01-04 15:27:40
3666.75;3541015;2024-01-04 15:27:41
3665.35;3541015;2024-01-04 15:27:41
3667.6;3541748;2024-01-04 15:27:42
3665.45;3541748;2024-01-04 15:27:42
3667.5;3542059;2024-01-04 15:27:44
3667.5;3542060;2024-01-04 15:27:44
3665.85;3542327;2024-01-04 15:27:46
3667.45;3542840;2024-01-04 15:27:47
3668;3542840;2024-01-04 15:27:47
3668;3543699;2024-01-04 15:27:48
3667.15;3543699;2024-01-04 15:27:48
3667;3544001;2024-01-04 15:27:49
3667.1;3544001;2024-01-04 15:27:49
3667;3544130;2024-01-04 15:27:50
3667.1;3544130;2024-01-04 15:27:50
3667.95;3544572;2024-01-04 15:27:51
3666.9;3546351;2024-01-04 15:27:53
3667.3;3546881;2024-01-04 15:27:53
3668;3547204;2024-01-04 15:27:55
3667.35;3547524;2024-01-04 15:27:56
3667.3;3547524;2024-01-04 15:27:56
3666.95;3548397;2024-01-04 15:27:57
3668.95;3548397;2024-01-04 15:27:57
3668.95;3549596;2024-01-04 15:27:57
3667.3;3549596;2024-01-04 15:27:57
3667.3;3550069;2024-01-04 15:27:59
3668.9;3550069;2024-01-04 15:27:59
3667.35;3550423;2024-01-04 15:28:00
3667.35;3550423;2024-01-04 15:28:00
3667.3;3551308;2024-01-04 15:28:02
3667;3552255;2024-01-04 15:28:03
3668;3552367;2024-01-04 15:28:04
3668.7;3552367;2024-01-04 15:28:04
3668;3552599;2024-01-04 15:28:05
3668.65;3552599;2024-01-04 15:28:05
3667.65;3553046;2024-01-04 15:28:06
3667.35;3553046;2024-01-04 15:28:06
3667.6;3554143;2024-01-04 15:28:08
3667.95;3554213;2024-01-04 15:28:08
3667.55;3554313;2024-01-04 15:28:10
3668.65;3554431;2024-01-04 15:28:10
3668.3;3554431;2024-01-04 15:28:10
3667.55;3554977;2024-01-04 15:28:12
3667.55;3554977;2024-01-04 15:28:12
3667.2;3556654;2024-01-04 15:28:13
3667.4;3557291;2024-01-04 15:28:14
3667.35;3557662;2024-01-04 15:28:16
3667.3;3557950;2024-01-04 15:28:17
3667.3;3557950;2024-01-04 15:28:17
3667.05;3558824;2024-01-04 15:28:18
3667;3558824;2024-01-04 15:28:18
3667;3559354;2024-01-04 15:28:19
3668.6;3559354;2024-01-04 15:28:19
3667.55;3559394;2024-01-04 15:28:20
3668;3559537;2024-01-04 15:28:22
3668.6;3560560;2024-01-04 15:28:23
3668.1;3560560;2024-01-04 15:28:23
3667.65;3561108;2024-01-04 15:28:24
3667.65;3561108;2024-01-04 15:28:24
3669.4;3561463;2024-01-04 15:28:25
3667.65;3561463;2024-01-04 15:28:25
3667.4;3562021;2024-01-04 15:28:26
3667.3;3563010;2024-01-04 15:28:28
3667.6;3563584;2024-01-04 15:28:29
3667.35;3563584;2024-01-04 15:28:29
3666.45;3564457;2024-01-04 15:28:30
3666;3564457;2024-01-04 15:28:30
3666.45;3566774;2024-01-04 15:28:31
3666.4;3567907;2024-01-04 15:28:33
3666.4;3568276;2024-01-04 15:28:34
3666;3568276;2024-01-04 15:28:34
3667.55;3571111;2024-01-04 15:28:35
3666.5;3571111;2024-01-04 15:28:35
3666.4;3571280;2024-01-04 15:28:36
3668;3571280;2024-01-04 15:28:36
3666;3572726;2024-01-04 15:28:37
3666;3573566;2024-01-04 15:28:39
3668;3574047;2024-01-04 15:28:40
3666.45;3574134;2024-01-04 15:28:40
3666.6;3574134;2024-01-04 15:28:40
3666.45;3575760;2024-01-04 15:28:42
3666.2;3575760;2024-01-04 15:28:42
3666.3;3576743;2024-01-04 15:28:43
3665.45;3576986;2024-01-04 15:28:44
3666.5;3577373;2024-01-04 15:28:46
3668;3579170;2024-01-04 15:28:47
3669.65;3579893;2024-01-04 15:28:47
3666.65;3579893;2024-01-04 15:28:47
3666.65;3580395;2024-01-04 15:28:49
3668.9;3580395;2024-01-04 15:28:49
3669.6;3580655;2024-01-04 15:28:50
3668.85;3580977;2024-01-04 15:28:52
3667.8;3581581;2024-01-04 15:28:53
3667.3;3581581;2024-01-04 15:28:53
3670.8;3581937;2024-01-04 15:28:54
3667.65;3581937;2024-01-04 15:28:54
3666.8;3582059;2024-01-04 15:28:55
3667.65;3582242;2024-01-04 15:28:56
3669;3582879;2024-01-04 15:28:58
3668.45;3582879;2024-01-04 15:28:58
3670.7;3583266;2024-01-04 15:28:59
3668.4;3583266;2024-01-04 15:28:59
3667.7;3583316;2024-01-04 15:29:01
3667.25;3583412;2024-01-04 15:29:02
3666.65;3583484;2024-01-04 15:29:03
3668;3584045;2024-01-04 15:29:04
3667.7;3584045;2024-01-04 15:29:04
3668;3584547;2024-01-04 15:29:05
3666.8;3584547;2024-01-04 15:29:05
3666.6;3584935;2024-01-04 15:29:07
3666.4;3585864;2024-01-04 15:29:07
3665.85;3586541;2024-01-04 15:29:09
3666;3586605;2024-01-04 15:29:09
3668.05;3587338;2024-01-04 15:29:11
3666.9;3588095;2024-01-04 15:29:12
3665.35;3588767;2024-01-04 15:29:13
3667.3;3588767;2024-01-04 15:29:13
3665.65;3589342;2024-01-04 15:29:14
3667.3;3589342;2024-01-04 15:29:14
3665.8;3589488;2024-01-04 15:29:16
3665.8;3589887;2024-01-04 15:29:17
3665.75;3590068;2024-01-04 15:29:18
3666;3590120;2024-01-04 15:29:19
3667.95;3590120;2024-01-04 15:29:19
3665.8;3590514;2024-01-04 15:29:20
3667.8;3590514;2024-01-04 15:29:20
3667.8;3590581;2024-01-04 15:29:21
3667.3;3590581;2024-01-04 15:29:21
3666.75;3591213;2024-01-04 15:29:23
3666.55;3591233;2024-01-04 15:29:24
3666.25;3591814;2024-01-04 15:29:25
3666.35;3592237;2024-01-04 15:29:25
3665.9;3592824;2024-01-04 15:29:27
3665.65;3592906;2024-01-04 15:29:28
3666.25;3592941;2024-01-04 15:29:29
3667.4;3593047;2024-01-04 15:29:30
3666.35;3593047;2024-01-04 15:29:30
3668;3593116;2024-01-04 15:29:31
3668;3593116;2024-01-04 15:29:31
3668;3593133;2024-01-04 15:29:32
3668.55;3593133;2024-01-04 15:29:32
3669;3593479;2024-01-04 15:29:33
3667;3593479;2024-01-04 15:29:33
3666.05;3593655;2024-01-04 15:29:35
3666.3;3594266;2024-01-04 15:29:36
3666.75;3594966;2024-01-04 15:29:37
3666.9;3595464;2024-01-04 15:29:38
3666.55;3595464;2024-01-04 15:29:38
3666.55;3595870;2024-01-04 15:29:39
3667.5;3595870;2024-01-04 15:29:39
3666.85;3595950;2024-01-04 15:29:40
3666.75;3595950;2024-01-04 15:29:40
3668.6;3596402;2024-01-04 15:29:42
3668;3596409;2024-01-04 15:29:43
3667.8;3596477;2024-01-04 15:29:43
3668.8;3596501;2024-01-04 15:29:45
3669;3596549;2024-01-04 15:29:45
3669;3596568;2024-01-04 15:29:47
3669;3596575;2024-01-04 15:29:47
3669;3596588;2024-01-04 15:29:49
3669;3596730;2024-01-04 15:29:50
3669;3596730;2024-01-04 15:29:50
3668.85;3596823;2024-01-04 15:29:51
3668;3596823;2024-01-04 15:29:51
3668;3596852;2024-01-04 15:29:53
3669;3596879;2024-01-04 15:29:53
3668.6;3596956;2024-01-04 15:29:55
3667.8;3596979;2024-01-04 15:29:56
3668;3597006;2024-01-04 15:29:57
3668;3597055;2024-01-04 15:29:58
3668;3597069;2024-01-04 15:29:58
3668.6;3597074;2024-01-04 15:29:59
3666.8;3597074;2024-01-04 15:29:59
3666.8;3597074;2024-01-04 15:29:59
3666.8;3597074;2024-01-04 15:29:59
3666.8;3597197;2024-01-04 15:40:01
3666.8;3597197;2024-01-04 15:40:01
3666.8;3597197;2024-01-04 15:40:01
3666.8;3597197;2024-01-04 15:40:01
3666.8;3597202;2024-01-04 15:40:04
3666.8;3597202;2024-01-04 15:40:04
3666.8;3597224;2024-01-04 15:40:06
3666.8;3597224;2024-01-04 15:40:06
3666.8;3597224;2024-01-04 15:40:06
3666.8;3597244;2024-01-04 15:40:09
3666.8;3597244;2024-01-04 15:40:09
3666.8;3597244;2024-01-04 15:40:09
3666.8;3597244;2024-01-04 15:40:09
3666.8;3597244;2024-01-04 15:40:09
3666.8;3597244;2024-01-04 15:40:09
3666.8;3597244;2024-01-04 15:40:09
3666.8;3597244;2024-01-04 15:40:09
3666.8;3597244;2024-01-04 15:40:09
3666.8;3597244;2024-01-04 15:40:09
3666.8;3597244;2024-01-04 15:40:09
3666.8;3597244;2024-01-04 15:40:09
3666.8;3597244;2024-01-04 15:40:09
3666.8;3597244;2024-01-04 15:40:09
3666.8;3597244;2024-01-04 15:40:09
3666.8;3597244;2024-01-04 15:40:09
3666.8;3597244;2024-01-04 15:40:09
3666.8;3597244;2024-01-04 15:40:09
3666.8;3597244;2024-01-04 15:40:09
3666.8;3597244;2024-01-04 15:40:09
3666.8;3597244;2024-01-04 15:40:09
3666.8;3597244;2024-01-04 15:40:09
3666.8;3597244;2024-01-04 15:40:09
3666.8;3597244;2024-01-04 15:40:09
3666.8;3597244;2024-01-04 15:40:09
3666.8;3597244;2024-01-04 15:40:09
3666.8;3597244;2024-01-04 15:40:09
3666.8;3597244;2024-01-04 15:40:09
3666.8;3597244;2024-01-04 15:40:09
3666.8;3597244;2024-01-04 15:40:09
3666.8;3597244;2024-01-04 15:40:09
3666.8;3597244;2024-01-04 15:40:09
3666.8;3597244;2024-01-04 15:40:09
3666.8;3597244;2024-01-04 15:40:09
3666.8;3597244;2024-01-04 15:40:09
3666.8;3597244;2024-01-04 15:40:09
3666.8;3597244;2024-01-04 15:40:09
3666.8;3597244;2024-01-04 15:40:09
3666.8;3597249;2024-01-04 15:41:09
3666.8;3597249;2024-01-04 15:41:09
3666.8;3597249;2024-01-04 15:41:09
3666.8;3597249;2024-01-04 15:41:09
3666.8;3597249;2024-01-04 15:41:09
3666.8;3597257;2024-01-04 15:41:17
3666.8;3597257;2024-01-04 15:41:17
3666.8;3597257;2024-01-04 15:41:17
3666.8;3597257;2024-01-04 15:41:17
3666.8;3597258;2024-01-04 15:41:25
3666.8;3597260;2024-01-04 15:41:25
3666.8;3597260;2024-01-04 15:41:25
3666.8;3597260;2024-01-04 15:41:25
3666.8;3597260;2024-01-04 15:41:25
3666.8;3597260;2024-01-04 15:41:25
3666.8;3597260;2024-01-04 15:41:25
3666.8;3597260;2024-01-04 15:41:25
3666.8;3597260;2024-01-04 15:41:25
3666.8;3597666;2024-01-04 15:41:42
3666.8;3597667;2024-01-04 15:41:42
3666.8;3597667;2024-01-04 15:41:42
3666.8;3597760;2024-01-04 15:41:45
3666.8;3597760;2024-01-04 15:41:45
3666.8;3597760;2024-01-04 15:41:45
3666.8;3597770;2024-01-04 15:41:49
3666.8;3597770;2024-01-04 15:41:49
3666.8;3597770;2024-01-04 15:41:49
3666.8;3597770;2024-01-04 15:41:49
3666.8;3597770;2024-01-04 15:41:49
3666.8;3597770;2024-01-04 15:41:49
3666.8;3597770;2024-01-04 15:41:49
3666.8;3597770;2024-01-04 15:41:49
3666.8;3597770;2024-01-04 15:41:49
3666.8;3597770;2024-01-04 15:41:49
3666.8;3597770;2024-01-04 15:41:49
3666.8;3597793;2024-01-04 15:42:12
3666.8;3597793;2024-01-04 15:42:12
3666.8;3597793;2024-01-04 15:42:12
3666.8;3597793;2024-01-04 15:42:12
3666.8;3597793;2024-01-04 15:42:12
3666.8;3597793;2024-01-04 15:42:12
3666.8;3597843;2024-01-04 15:42:28
3666.8;3597843;2024-01-04 15:42:28
3666.8;3597843;2024-01-04 15:42:28
3666.8;3597843;2024-01-04 15:42:28
3666.8;3597843;2024-01-04 15:42:28
3666.8;3597843;2024-01-04 15:42:28
3666.8;3597843;2024-01-04 15:42:28
3666.8;3597844;2024-01-04 15:42:58
3666.8;3597844;2024-01-04 15:42:58
3666.8;3597844;2024-01-04 15:42:58
3666.8;3597844;2024-01-04 15:42:58
3666.8;3597844;2024-01-04 15:42:58
3666.8;3597844;2024-01-04 15:42:58
3666.8;3597844;2024-01-04 15:42:58
3666.8;3597844;2024-01-04 15:42:58
3666.8;3597844;2024-01-04 15:42:58
3666.8;3597844;2024-01-04 15:42:58
3666.8;3597844;2024-01-04 15:42:58
3666.8;3597844;2024-01-04 15:42:58
3666.8;3597844;2024-01-04 15:42:58
3666.8;3597844;2024-01-04 15:42:58
3666.8;3597844;2024-01-04 15:42:58
3666.8;3597844;2024-01-04 15:42:58
3666.8;3597844;2024-01-04 15:42:58
3666.8;3597844;2024-01-04 15:42:58
3666.8;3597844;2024-01-04 15:42:58
3666.8;3597844;2024-01-04 15:42:58
3666.8;3597845;2024-01-04 15:44:02
3666.8;3597845;2024-01-04 15:44:02
3666.8;3597845;2024-01-04 15:44:02
3666.8;3597845;2024-01-04 15:44:02
3666.8;3597845;2024-01-04 15:44:02
3666.8;3597845;2024-01-04 15:44:02
3666.8;3597845;2024-01-04 15:44:02
3666.8;3597845;2024-01-04 15:44:02
3666.8;3597845;2024-01-04 15:44:02
3666.8;3597845;2024-01-04 15:44:02
3666.8;3597846;2024-01-04 15:44:22
3666.8;3597846;2024-01-04 15:44:22
3666.8;3597846;2024-01-04 15:44:22
3666.8;3597846;2024-01-04 15:44:22
3666.8;3597846;2024-01-04 15:44:22
3666.8;3597846;2024-01-04 15:44:22
3666.8;3597846;2024-01-04 15:44:22
3666.8;3597846;2024-01-04 15:44:22
3666.8;3597846;2024-01-04 15:44:22
3666.8;3597846;2024-01-04 15:44:22
3666.8;3597846;2024-01-04 15:44:22
3666.8;3597846;2024-01-04 15:44:22
3666.8;3597846;2024-01-04 15:44:22
3666.8;3597856;2024-01-04 15:45:04
3666.8;3597856;2024-01-04 15:45:04
3666.8;3597856;2024-01-04 15:45:04
3666.8;3597856;2024-01-04 15:45:04
3666.8;3597956;2024-01-04 15:45:08
3666.8;3597956;2024-01-04 15:45:08
3666.8;3597956;2024-01-04 15:45:08
3666.8;3597956;2024-01-04 15:45:08
3666.8;3597956;2024-01-04 15:45:08
3666.8;3597957;2024-01-04 15:45:12
3666.8;3597957;2024-01-04 15:45:12
3666.8;3597957;2024-01-04 15:45:12
3666.8;3597957;2024-01-04 15:45:12
3666.8;3597957;2024-01-04 15:45:12
3666.8;3597957;2024-01-04 15:45:12
3666.8;3597957;2024-01-04 15:45:12
3666.8;3597957;2024-01-04 15:45:12
3666.8;3597957;2024-01-04 15:45:12
3666.8;3597957;2024-01-04 15:45:12
3666.8;3597967;2024-01-04 15:45:59
3666.8;3597967;2024-01-04 15:45:59
3666.8;3597967;2024-01-04 15:45:59
3666.8;3597969;2024-01-04 15:46:04
3666.8;3597969;2024-01-04 15:46:04
3666.8;3597969;2024-01-04 15:46:04
3666.8;3597969;2024-01-04 15:46:04
3666.8;3597969;2024-01-04 15:46:04
3666.8;3597969;2024-01-04 15:46:04
3666.8;3597973;2024-01-04 15:46:17
3666.8;3597973;2024-01-04 15:46:17
3666.8;3597973;2024-01-04 15:46:17
3666.8;3597973;2024-01-04 15:46:17
3666.8;3597978;2024-01-04 15:46:24
3666.8;3597988;2024-01-04 15:46:25
3666.8;3597988;2024-01-04 15:46:25
3666.8;3597988;2024-01-04 15:46:25
3666.8;3597988;2024-01-04 15:46:25
3666.8;3597988;2024-01-04 15:46:25
3666.8;3597988;2024-01-04 15:46:25
3666.8;3597988;2024-01-04 15:46:25
3666.8;3597988;2024-01-04 15:46:25
3666.8;3597988;2024-01-04 15:46:25
3666.8;3597989;2024-01-04 15:46:58
3666.8;3597989;2024-01-04 15:46:58
3666.8;3597989;2024-01-04 15:46:58
3666.8;3597989;2024-01-04 15:46:58
3666.8;3597989;2024-01-04 15:46:58
3666.8;3597989;2024-01-04 15:46:58
3666.8;3597990;2024-01-04 15:47:12
3666.8;3597990;2024-01-04 15:47:12
3666.8;3597990;2024-01-04 15:47:12
3666.8;3597990;2024-01-04 15:47:12
3666.8;3598040;2024-01-04 15:47:18
3666.8;3598045;2024-01-04 15:47:20
3666.8;3598045;2024-01-04 15:47:20
3666.8;3598045;2024-01-04 15:47:20
3666.8;3598045;2024-01-04 15:47:20
3666.8;3598045;2024-01-04 15:47:20
3666.8;3598045;2024-01-04 15:47:20
3666.8;3598045;2024-01-04 15:47:20
3666.8;3598046;2024-01-04 15:47:35
3666.8;3598046;2024-01-04 15:47:35
3666.8;3598046;2024-01-04 15:47:35
3666.8;3598046;2024-01-04 15:47:35
3666.8;3598046;2024-01-04 15:47:35
3666.8;3598046;2024-01-04 15:47:35
3666.8;3598046;2024-01-04 15:47:35
3666.8;3598046;2024-01-04 15:47:35
3666.8;3598046;2024-01-04 15:47:35
3666.8;3598046;2024-01-04 15:47:35
3666.8;3598046;2024-01-04 15:47:35
3666.8;3598046;2024-01-04 15:47:35
3666.8;3598046;2024-01-04 15:47:35
3666.8;3598046;2024-01-04 15:47:35
3666.8;3598046;2024-01-04 15:47:35
3666.8;3598046;2024-01-04 15:47:35
3666.8;3598046;2024-01-04 15:47:35
3666.8;3598046;2024-01-04 15:47:35
3666.8;3598046;2024-01-04 15:47:35
3666.8;3598046;2024-01-04 15:47:35
3666.8;3598046;2024-01-04 15:47:35
3666.8;3598046;2024-01-04 15:47:35
3666.8;3598046;2024-01-04 15:47:35
3666.8;3598046;2024-01-04 15:47:35
3666.8;3598050;2024-01-04 15:50:02
3666.8;3598050;2024-01-04 15:50:02
3666.8;3598068;2024-01-04 15:50:11
3666.8;3598068;2024-01-04 15:50:11
3666.8;3598068;2024-01-04 15:50:11
3666.8;3598068;2024-01-04 15:50:11
3666.8;3598068;2024-01-04 15:50:11
3666.8;3598068;2024-01-04 15:50:11
3666.8;3598068;2024-01-04 15:50:11
3666.8;3598070;2024-01-04 15:50:55
3666.8;3598070;2024-01-04 15:50:55
3666.8;3598070;2024-01-04 15:50:55
3666.8;3598070;2024-01-04 15:50:55
3666.8;3598070;2024-01-04 15:50:55
3666.8;3598070;2024-01-04 15:50:55
3666.8;3598070;2024-01-04 15:50:55
3666.8;3598070;2024-01-04 15:50:55
3666.8;3598070;2024-01-04 15:50:55
3666.8;3598070;2024-01-04 15:50:55
3666.8;3598070;2024-01-04 15:50:55
3666.8;3598070;2024-01-04 15:50:55
3666.8;3598070;2024-01-04 15:50:55
3666.8;3598070;2024-01-04 15:50:55
3666.8;3598070;2024-01-04 15:50:55
3666.8;3598070;2024-01-04 15:50:55
3666.8;3598070;2024-01-04 15:50:55
3666.8;3598070;2024-01-04 15:50:55
3666.8;3598070;2024-01-04 15:50:55
3666.8;3598075;2024-01-04 15:54:03
3666.8;3598075;2024-01-04 15:54:03
3666.8;3598080;2024-01-04 15:54:14
3666.8;3598080;2024-01-04 15:54:14
3666.8;3598080;2024-01-04 15:54:14
3666.8;3598080;2024-01-04 15:54:14
3666.8;3598080;2024-01-04 15:54:14
3666.8;3598080;2024-01-04 15:54:14
3666.8;3598082;2024-01-04 15:54:50
3666.8;3598082;2024-01-04 15:54:50
3666.8;3598082;2024-01-04 15:54:50
3666.8;3598082;2024-01-04 15:54:50
3666.8;3598082;2024-01-04 15:54:50
3666.8;3598082;2024-01-04 15:54:50
3666.8;3598082;2024-01-04 15:54:50
3666.8;3598082;2024-01-04 15:54:50
3666.8;3598082;2024-01-04 15:54:50
3666.8;3598082;2024-01-04 15:54:50
3666.8;3598082;2024-01-04 15:54:50
3666.8;3598082;2024-01-04 15:54:50
3666.8;3598082;2024-01-04 15:54:50
3666.8;3598082;2024-01-04 15:54:50
3666.8;3598132;2024-01-04 15:56:49
3666.8;3598132;2024-01-04 15:56:49
3666.8;3598132;2024-01-04 15:56:49
3666.8;3598132;2024-01-04 15:56:49
3666.8;3598132;2024-01-04 15:56:49
3666.8;3598132;2024-01-04 15:56:49
3666.8;3598132;2024-01-04 15:56:49
3666.8;3598132;2024-01-04 15:56:49
3666.8;3598132;2024-01-04 15:56:49
3666.8;3598132;2024-01-04 15:56:49
3666.8;3598132;2024-01-04 15:56:49
3666.8;3598132;2024-01-04 15:56:49
3666.8;3598132;2024-01-04 15:56:49
3666.8;3598144;2024-01-04 15:58:14
3666.8;3598144;2024-01-04 15:58:14
3666.8;3598144;2024-01-04 15:58:14
3666.8;3598144;2024-01-04 15:58:14
3666.8;3598144;2024-01-04 15:58:14
3666.8;3598144;2024-01-04 15:58:14
3666.8;3598144;2024-01-04 15:58:14
3666.8;3598144;2024-01-04 15:58:14
3666.8;3598144;2024-01-04 15:58:14
3666.8;3598144;2024-01-04 15:58:14
3666.8;3598144;2024-01-04 15:58:14
3666.8;3598144;2024-01-04 15:58:14
3666.8;3598144;2024-01-04 15:58:14
3666.8;3598144;2024-01-04 15:58:14
